"STATION","NAME","DATE","TMAX"
"USW00023174","LOS ANGELES INTERNATIONAL AIRPORT, CA US","2022-01-01","61"
"USW00023174","LOS ANGELES INTERNATIONAL AIRPORT, CA US","2022-01-02","66"
"USW00023174","LOS ANGELES INTERNATIONAL AIRPORT, CA US","2022-01-03","60"
"USW00023174","LOS ANGELES INTERNATIONAL AIRPORT, CA US","2022-01-04","60"
"USW00023174","LOS ANGELES INTERNATIONAL AIRPORT, CA US","2022-01-05","65"
"USW00023174","LOS ANGELES INTERNATIONAL AIRPORT, CA US","2022-01-06","66"
"USW00023174","LOS ANGELES INTERNATIONAL AIRPORT, CA US","2022-01-07","57"
"USW00023174","LOS ANGELES INTERNATIONAL AIRPORT, CA US","2022-01-08","61"
"USW00023174","LOS ANGELES INTERNATIONAL AIRPORT, CA US","2022-01-09","75"
"USW00023174","LOS ANGELES INTERNATIONAL AIRPORT, CA US","2022-01-10","74"
"USW00023174","LOS ANGELES INTERNATIONAL AIRPORT, CA US","2022-01-11","79"
"USW00023174","LOS ANGELES INTERNATIONAL AIRPORT, CA US","2022-01-12","80"
"USW00023174","LOS ANGELES INTERNATIONAL AIRPORT, CA US","2022-01-13","69"
"USW00023174","LOS ANGELES INTERNATIONAL AIRPORT, CA US","2022-01-14","71"
"USW00023174","LOS ANGELES INTERNATIONAL AIRPORT, CA US","2022-01-15","70"
"USW00023174","LOS ANGELES INTERNATIONAL AIRPORT, CA US","2022-01-16","74"
"USW00023174","LOS ANGELES INTERNATIONAL AIRPORT, CA US","2022-01-17","65"
"USW00023174","LOS ANGELES INTERNATIONAL AIRPORT, CA US","2022-01-18","63"
"USW00023174","LOS ANGELES INTERNATIONAL AIRPORT, CA US","2022-01-19","62"
"USW00023174","LOS ANGELES INTERNATIONAL AIRPORT, CA US","2022-01-20","75"
"USW00023174","LOS ANGELES INTERNATIONAL AIRPORT, CA US","2022-01-21","69"
"USW00023174","LOS ANGELES INTERNATIONAL AIRPORT, CA US","2022-01-22","74"
"USW00023174","LOS ANGELES INTERNATIONAL AIRPORT, CA US","2022-01-23","73"
"USW00023174","LOS ANGELES INTERNATIONAL AIRPORT, CA US","2022-01-24","69"
"USW00023174","LOS ANGELES INTERNATIONAL AIRPORT, CA US","2022-01-25","65"
"USW00023174","LOS ANGELES INTERNATIONAL AIRPORT, CA US","2022-01-26","72"
"USW00023174","LOS ANGELES INTERNATIONAL AIRPORT, CA US","2022-01-27","70"
"USW00023174","LOS ANGELES INTERNATIONAL AIRPORT, CA US","2022-01-28","75"
"USW00023174","LOS ANGELES INTERNATIONAL AIRPORT, CA US","2022-01-29","71"
"USW00023174","LOS ANGELES INTERNATIONAL AIRPORT, CA US","2022-01-30","69"
"USW00023174","LOS ANGELES INTERNATIONAL AIRPORT, CA US","2022-01-31","64"
"USW00023174","LOS ANGELES INTERNATIONAL AIRPORT, CA US","2022-02-01","63"
"USW00023174","LOS ANGELES INTERNATIONAL AIRPORT, CA US","2022-02-02","65"
"USW00023174","LOS ANGELES INTERNATIONAL AIRPORT, CA US","2022-02-03","66"
"USW00023174","LOS ANGELES INTERNATIONAL AIRPORT, CA US","2022-02-04","69"
"USW00023174","LOS ANGELES INTERNATIONAL AIRPORT, CA US","2022-02-05","71"
"USW00023174","LOS ANGELES INTERNATIONAL AIRPORT, CA US","2022-02-06","72"
"USW00023174","LOS ANGELES INTERNATIONAL AIRPORT, CA US","2022-02-07","78"
"USW00023174","LOS ANGELES INTERNATIONAL AIRPORT, CA US","2022-02-08","79"
"USW00023174","LOS ANGELES INTERNATIONAL AIRPORT, CA US","2022-02-09","85"
"USW00023174","LOS ANGELES INTERNATIONAL AIRPORT, CA US","2022-02-10","82"
"USW00023174","LOS ANGELES INTERNATIONAL AIRPORT, CA US","2022-02-11","81"
"USW00023174","LOS ANGELES INTERNATIONAL AIRPORT, CA US","2022-02-12","89"
"USW00023174","LOS ANGELES INTERNATIONAL AIRPORT, CA US","2022-02-13","85"
"USW00023174","LOS ANGELES INTERNATIONAL AIRPORT, CA US","2022-02-14","73"
"USW00023174","LOS ANGELES INTERNATIONAL AIRPORT, CA US","2022-02-15","62"
"USW00023174","LOS ANGELES INTERNATIONAL AIRPORT, CA US","2022-02-16","65"
"USW00023174","LOS ANGELES INTERNATIONAL AIRPORT, CA US","2022-02-17","71"
"USW00023174","LOS ANGELES INTERNATIONAL AIRPORT, CA US","2022-02-18","72"
"USW00023174","LOS ANGELES INTERNATIONAL AIRPORT, CA US","2022-02-19","69"
"USW00023174","LOS ANGELES INTERNATIONAL AIRPORT, CA US","2022-02-20","63"
"USW00023174","LOS ANGELES INTERNATIONAL AIRPORT, CA US","2022-02-21","60"
"USW00023174","LOS ANGELES INTERNATIONAL AIRPORT, CA US","2022-02-22","61"
"USW00023174","LOS ANGELES INTERNATIONAL AIRPORT, CA US","2022-02-23","57"
"USW00023174","LOS ANGELES INTERNATIONAL AIRPORT, CA US","2022-02-24","61"
"USW00023174","LOS ANGELES INTERNATIONAL AIRPORT, CA US","2022-02-25","62"
"USW00023174","LOS ANGELES INTERNATIONAL AIRPORT, CA US","2022-02-26","67"
"USW00023174","LOS ANGELES INTERNATIONAL AIRPORT, CA US","2022-02-27","76"
"USW00023174","LOS ANGELES INTERNATIONAL AIRPORT, CA US","2022-02-28","82"
"USW00023174","LOS ANGELES INTERNATIONAL AIRPORT, CA US","2022-03-01","80"
"USW00023174","LOS ANGELES INTERNATIONAL AIRPORT, CA US","2022-03-02","78"
"USW00023174","LOS ANGELES INTERNATIONAL AIRPORT, CA US","2022-03-03","67"
"USW00023174","LOS ANGELES INTERNATIONAL AIRPORT, CA US","2022-03-04","65"
"USW00023174","LOS ANGELES INTERNATIONAL AIRPORT, CA US","2022-03-05","60"
"USW00023174","LOS ANGELES INTERNATIONAL AIRPORT, CA US","2022-03-06","62"
"USW00023174","LOS ANGELES INTERNATIONAL AIRPORT, CA US","2022-03-07","67"
"USW00023174","LOS ANGELES INTERNATIONAL AIRPORT, CA US","2022-03-08","70"
"USW00023174","LOS ANGELES INTERNATIONAL AIRPORT, CA US","2022-03-09","66"
"USW00023174","LOS ANGELES INTERNATIONAL AIRPORT, CA US","2022-03-10","64"
"USW00023174","LOS ANGELES INTERNATIONAL AIRPORT, CA US","2022-03-11","72"
"USW00023174","LOS ANGELES INTERNATIONAL AIRPORT, CA US","2022-03-12","74"
"USW00023174","LOS ANGELES INTERNATIONAL AIRPORT, CA US","2022-03-13","67"
"USW00023174","LOS ANGELES INTERNATIONAL AIRPORT, CA US","2022-03-14","69"
"USW00023174","LOS ANGELES INTERNATIONAL AIRPORT, CA US","2022-03-15","68"
"USW00023174","LOS ANGELES INTERNATIONAL AIRPORT, CA US","2022-03-16","72"
"USW00023174","LOS ANGELES INTERNATIONAL AIRPORT, CA US","2022-03-17","78"
"USW00023174","LOS ANGELES INTERNATIONAL AIRPORT, CA US","2022-03-18","72"
"USW00023174","LOS ANGELES INTERNATIONAL AIRPORT, CA US","2022-03-19","66"
"USW00023174","LOS ANGELES INTERNATIONAL AIRPORT, CA US","2022-03-20","72"
"USW00023174","LOS ANGELES INTERNATIONAL AIRPORT, CA US","2022-03-21","71"
"USW00023174","LOS ANGELES INTERNATIONAL AIRPORT, CA US","2022-03-22","78"
"USW00023174","LOS ANGELES INTERNATIONAL AIRPORT, CA US","2022-03-23","84"
"USW00023174","LOS ANGELES INTERNATIONAL AIRPORT, CA US","2022-03-24","70"
"USW00023174","LOS ANGELES INTERNATIONAL AIRPORT, CA US","2022-03-25","69"
"USW00023174","LOS ANGELES INTERNATIONAL AIRPORT, CA US","2022-03-26","64"
"USW00023174","LOS ANGELES INTERNATIONAL AIRPORT, CA US","2022-03-27","68"
"USW00023174","LOS ANGELES INTERNATIONAL AIRPORT, CA US","2022-03-28","62"
"USW00023174","LOS ANGELES INTERNATIONAL AIRPORT, CA US","2022-03-29","63"
"USW00023174","LOS ANGELES INTERNATIONAL AIRPORT, CA US","2022-03-30","65"
"USW00023174","LOS ANGELES INTERNATIONAL AIRPORT, CA US","2022-03-31","63"
"USW00023174","LOS ANGELES INTERNATIONAL AIRPORT, CA US","2022-04-01","65"
"USW00023174","LOS ANGELES INTERNATIONAL AIRPORT, CA US","2022-04-02","64"
"USW00023174","LOS ANGELES INTERNATIONAL AIRPORT, CA US","2022-04-03","65"
"USW00023174","LOS ANGELES INTERNATIONAL AIRPORT, CA US","2022-04-04","64"
"USW00023174","LOS ANGELES INTERNATIONAL AIRPORT, CA US","2022-04-05","74"
"USW00023174","LOS ANGELES INTERNATIONAL AIRPORT, CA US","2022-04-06","74"
"USW00023174","LOS ANGELES INTERNATIONAL AIRPORT, CA US","2022-04-07","95"
"USW00023174","LOS ANGELES INTERNATIONAL AIRPORT, CA US","2022-04-08","97"
"USW00023174","LOS ANGELES INTERNATIONAL AIRPORT, CA US","2022-04-09","78"
"USW00023174","LOS ANGELES INTERNATIONAL AIRPORT, CA US","2022-04-10","69"
"USW00023174","LOS ANGELES INTERNATIONAL AIRPORT, CA US","2022-04-11","68"
"USW00023174","LOS ANGELES INTERNATIONAL AIRPORT, CA US","2022-04-12","67"
"USW00023174","LOS ANGELES INTERNATIONAL AIRPORT, CA US","2022-04-13","67"
"USW00023174","LOS ANGELES INTERNATIONAL AIRPORT, CA US","2022-04-14","66"
"USW00023174","LOS ANGELES INTERNATIONAL AIRPORT, CA US","2022-04-15","67"
"USW00023174","LOS ANGELES INTERNATIONAL AIRPORT, CA US","2022-04-16","67"
"USW00023174","LOS ANGELES INTERNATIONAL AIRPORT, CA US","2022-04-17","65"
"USW00023174","LOS ANGELES INTERNATIONAL AIRPORT, CA US","2022-04-18","69"
"USW00023174","LOS ANGELES INTERNATIONAL AIRPORT, CA US","2022-04-19","68"
"USW00023174","LOS ANGELES INTERNATIONAL AIRPORT, CA US","2022-04-20","67"
"USW00023174","LOS ANGELES INTERNATIONAL AIRPORT, CA US","2022-04-21","66"
"USW00023174","LOS ANGELES INTERNATIONAL AIRPORT, CA US","2022-04-22","64"
"USW00023174","LOS ANGELES INTERNATIONAL AIRPORT, CA US","2022-04-23","69"
"USW00023174","LOS ANGELES INTERNATIONAL AIRPORT, CA US","2022-04-24","86"
"USW00023174","LOS ANGELES INTERNATIONAL AIRPORT, CA US","2022-04-25","86"
"USW00023174","LOS ANGELES INTERNATIONAL AIRPORT, CA US","2022-04-26","75"
"USW00023174","LOS ANGELES INTERNATIONAL AIRPORT, CA US","2022-04-27","72"
"USW00023174","LOS ANGELES INTERNATIONAL AIRPORT, CA US","2022-04-28","65"
"USW00023174","LOS ANGELES INTERNATIONAL AIRPORT, CA US","2022-04-29","68"
"USW00023174","LOS ANGELES INTERNATIONAL AIRPORT, CA US","2022-04-30","69"
"USW00023174","LOS ANGELES INTERNATIONAL AIRPORT, CA US","2022-05-01","69"
"USW00023174","LOS ANGELES INTERNATIONAL AIRPORT, CA US","2022-05-02","68"
"USW00023174","LOS ANGELES INTERNATIONAL AIRPORT, CA US","2022-05-03","69"
"USW00023174","LOS ANGELES INTERNATIONAL AIRPORT, CA US","2022-05-04","70"
"USW00023174","LOS ANGELES INTERNATIONAL AIRPORT, CA US","2022-05-05","68"
"USW00023174","LOS ANGELES INTERNATIONAL AIRPORT, CA US","2022-05-06","70"
"USW00023174","LOS ANGELES INTERNATIONAL AIRPORT, CA US","2022-05-07","71"
"USW00023174","LOS ANGELES INTERNATIONAL AIRPORT, CA US","2022-05-08","66"
"USW00023174","LOS ANGELES INTERNATIONAL AIRPORT, CA US","2022-05-09","67"
"USW00023174","LOS ANGELES INTERNATIONAL AIRPORT, CA US","2022-05-10","67"
"USW00023174","LOS ANGELES INTERNATIONAL AIRPORT, CA US","2022-05-11","65"
"USW00023174","LOS ANGELES INTERNATIONAL AIRPORT, CA US","2022-05-12","75"
"USW00023174","LOS ANGELES INTERNATIONAL AIRPORT, CA US","2022-05-13","80"
"USW00023174","LOS ANGELES INTERNATIONAL AIRPORT, CA US","2022-05-14","81"
"USW00023174","LOS ANGELES INTERNATIONAL AIRPORT, CA US","2022-05-15","78"
"USW00023174","LOS ANGELES INTERNATIONAL AIRPORT, CA US","2022-05-16","67"
"USW00023174","LOS ANGELES INTERNATIONAL AIRPORT, CA US","2022-05-17","68"
"USW00023174","LOS ANGELES INTERNATIONAL AIRPORT, CA US","2022-05-18","69"
"USW00023174","LOS ANGELES INTERNATIONAL AIRPORT, CA US","2022-05-19","66"
"USW00023174","LOS ANGELES INTERNATIONAL AIRPORT, CA US","2022-05-20","65"
"USW00023174","LOS ANGELES INTERNATIONAL AIRPORT, CA US","2022-05-21","70"
"USW00023174","LOS ANGELES INTERNATIONAL AIRPORT, CA US","2022-05-22","66"
"USW00023174","LOS ANGELES INTERNATIONAL AIRPORT, CA US","2022-05-23","67"
"USW00023174","LOS ANGELES INTERNATIONAL AIRPORT, CA US","2022-05-24","68"
"USW00023174","LOS ANGELES INTERNATIONAL AIRPORT, CA US","2022-05-25","70"
"USW00023174","LOS ANGELES INTERNATIONAL AIRPORT, CA US","2022-05-26","70"
"USW00023174","LOS ANGELES INTERNATIONAL AIRPORT, CA US","2022-05-27","70"
"USW00023174","LOS ANGELES INTERNATIONAL AIRPORT, CA US","2022-05-28","69"
"USW00023174","LOS ANGELES INTERNATIONAL AIRPORT, CA US","2022-05-29","71"
"USW00023174","LOS ANGELES INTERNATIONAL AIRPORT, CA US","2022-05-30","70"
"USW00023174","LOS ANGELES INTERNATIONAL AIRPORT, CA US","2022-05-31","71"
"USW00023174","LOS ANGELES INTERNATIONAL AIRPORT, CA US","2022-06-01","74"
"USW00023174","LOS ANGELES INTERNATIONAL AIRPORT, CA US","2022-06-02","73"
"USW00023174","LOS ANGELES INTERNATIONAL AIRPORT, CA US","2022-06-03","72"
"USW00023174","LOS ANGELES INTERNATIONAL AIRPORT, CA US","2022-06-04","69"
"USW00023174","LOS ANGELES INTERNATIONAL AIRPORT, CA US","2022-06-05","72"
"USW00023174","LOS ANGELES INTERNATIONAL AIRPORT, CA US","2022-06-06","74"
"USW00023174","LOS ANGELES INTERNATIONAL AIRPORT, CA US","2022-06-07","73"
"USW00023174","LOS ANGELES INTERNATIONAL AIRPORT, CA US","2022-06-08","69"
"USW00023174","LOS ANGELES INTERNATIONAL AIRPORT, CA US","2022-06-09","74"
"USW00023174","LOS ANGELES INTERNATIONAL AIRPORT, CA US","2022-06-10","74"
"USW00023174","LOS ANGELES INTERNATIONAL AIRPORT, CA US","2022-06-11","72"
"USW00023174","LOS ANGELES INTERNATIONAL AIRPORT, CA US","2022-06-12","72"
"USW00023174","LOS ANGELES INTERNATIONAL AIRPORT, CA US","2022-06-13","75"
"USW00023174","LOS ANGELES INTERNATIONAL AIRPORT, CA US","2022-06-14","76"
"USW00023174","LOS ANGELES INTERNATIONAL AIRPORT, CA US","2022-06-15","74"
"USW00023174","LOS ANGELES INTERNATIONAL AIRPORT, CA US","2022-06-16","74"
"USW00023174","LOS ANGELES INTERNATIONAL AIRPORT, CA US","2022-06-17","72"
"USW00023174","LOS ANGELES INTERNATIONAL AIRPORT, CA US","2022-06-18","73"
"USW00023174","LOS ANGELES INTERNATIONAL AIRPORT, CA US","2022-06-19","74"
"USW00023174","LOS ANGELES INTERNATIONAL AIRPORT, CA US","2022-06-20","80"
"USW00023174","LOS ANGELES INTERNATIONAL AIRPORT, CA US","2022-06-21","80"
"USW00023174","LOS ANGELES INTERNATIONAL AIRPORT, CA US","2022-06-22","73"
"USW00023174","LOS ANGELES INTERNATIONAL AIRPORT, CA US","2022-06-23","73"
"USW00023174","LOS ANGELES INTERNATIONAL AIRPORT, CA US","2022-06-24","72"
"USW00023174","LOS ANGELES INTERNATIONAL AIRPORT, CA US","2022-06-25","72"
"USW00023174","LOS ANGELES INTERNATIONAL AIRPORT, CA US","2022-06-26","72"
"USW00023174","LOS ANGELES INTERNATIONAL AIRPORT, CA US","2022-06-27","73"
"USW00023174","LOS ANGELES INTERNATIONAL AIRPORT, CA US","2022-06-28","74"
"USW00023174","LOS ANGELES INTERNATIONAL AIRPORT, CA US","2022-06-29","79"
"USW00023174","LOS ANGELES INTERNATIONAL AIRPORT, CA US","2022-06-30","76"
"USW00023174","LOS ANGELES INTERNATIONAL AIRPORT, CA US","2022-07-01","75"
"USW00023174","LOS ANGELES INTERNATIONAL AIRPORT, CA US","2022-07-02","73"
"USW00023174","LOS ANGELES INTERNATIONAL AIRPORT, CA US","2022-07-03","74"
"USW00023174","LOS ANGELES INTERNATIONAL AIRPORT, CA US","2022-07-04","74"
"USW00023174","LOS ANGELES INTERNATIONAL AIRPORT, CA US","2022-07-05","75"
"USW00023174","LOS ANGELES INTERNATIONAL AIRPORT, CA US","2022-07-06","74"
"USW00023174","LOS ANGELES INTERNATIONAL AIRPORT, CA US","2022-07-07","75"
"USW00023174","LOS ANGELES INTERNATIONAL AIRPORT, CA US","2022-07-08","74"
"USW00023174","LOS ANGELES INTERNATIONAL AIRPORT, CA US","2022-07-09","72"
"USW00023174","LOS ANGELES INTERNATIONAL AIRPORT, CA US","2022-07-10","73"
"USW00023174","LOS ANGELES INTERNATIONAL AIRPORT, CA US","2022-07-11","72"
"USW00023174","LOS ANGELES INTERNATIONAL AIRPORT, CA US","2022-07-12","71"
"USW00023174","LOS ANGELES INTERNATIONAL AIRPORT, CA US","2022-07-13","71"
"USW00023174","LOS ANGELES INTERNATIONAL AIRPORT, CA US","2022-07-14","72"
"USW00023174","LOS ANGELES INTERNATIONAL AIRPORT, CA US","2022-07-15","72"
"USW00023174","LOS ANGELES INTERNATIONAL AIRPORT, CA US","2022-07-16","73"
"USW00023174","LOS ANGELES INTERNATIONAL AIRPORT, CA US","2022-07-17","85"
"USW00023174","LOS ANGELES INTERNATIONAL AIRPORT, CA US","2022-07-18","80"
"USW00023174","LOS ANGELES INTERNATIONAL AIRPORT, CA US","2022-07-19","76"
"USW00023174","LOS ANGELES INTERNATIONAL AIRPORT, CA US","2022-07-20","77"
"USW00023174","LOS ANGELES INTERNATIONAL AIRPORT, CA US","2022-07-21","75"
"USW00023174","LOS ANGELES INTERNATIONAL AIRPORT, CA US","2022-07-22","78"
"USW00023174","LOS ANGELES INTERNATIONAL AIRPORT, CA US","2022-07-23","77"
"USW00023174","LOS ANGELES INTERNATIONAL AIRPORT, CA US","2022-07-24","75"
"USW00023174","LOS ANGELES INTERNATIONAL AIRPORT, CA US","2022-07-25","76"
"USW00023174","LOS ANGELES INTERNATIONAL AIRPORT, CA US","2022-07-26","75"
"USW00023174","LOS ANGELES INTERNATIONAL AIRPORT, CA US","2022-07-27","74"
"USW00023174","LOS ANGELES INTERNATIONAL AIRPORT, CA US","2022-07-28","76"
"USW00023174","LOS ANGELES INTERNATIONAL AIRPORT, CA US","2022-07-29","77"
"USW00023174","LOS ANGELES INTERNATIONAL AIRPORT, CA US","2022-07-30","77"
"USW00023174","LOS ANGELES INTERNATIONAL AIRPORT, CA US","2022-07-31","80"
"USW00023174","LOS ANGELES INTERNATIONAL AIRPORT, CA US","2022-08-01","78"
"USW00023174","LOS ANGELES INTERNATIONAL AIRPORT, CA US","2022-08-02","76"
"USW00023174","LOS ANGELES INTERNATIONAL AIRPORT, CA US","2022-08-03","76"
"USW00023174","LOS ANGELES INTERNATIONAL AIRPORT, CA US","2022-08-04","77"
"USW00023174","LOS ANGELES INTERNATIONAL AIRPORT, CA US","2022-08-05","77"
"USW00023174","LOS ANGELES INTERNATIONAL AIRPORT, CA US","2022-08-06","77"
"USW00023174","LOS ANGELES INTERNATIONAL AIRPORT, CA US","2022-08-07","82"
"USW00023174","LOS ANGELES INTERNATIONAL AIRPORT, CA US","2022-08-08","82"
"USW00023174","LOS ANGELES INTERNATIONAL AIRPORT, CA US","2022-08-09","84"
"USW00023174","LOS ANGELES INTERNATIONAL AIRPORT, CA US","2022-08-10","84"
"USW00023174","LOS ANGELES INTERNATIONAL AIRPORT, CA US","2022-08-11","80"
"USW00023174","LOS ANGELES INTERNATIONAL AIRPORT, CA US","2022-08-12","79"
"USW00023174","LOS ANGELES INTERNATIONAL AIRPORT, CA US","2022-08-13","82"
"USW00023174","LOS ANGELES INTERNATIONAL AIRPORT, CA US","2022-08-14","80"
"USW00023174","LOS ANGELES INTERNATIONAL AIRPORT, CA US","2022-08-15","77"
"USW00023174","LOS ANGELES INTERNATIONAL AIRPORT, CA US","2022-08-16","76"
"USW00023174","LOS ANGELES INTERNATIONAL AIRPORT, CA US","2022-08-17","75"
"USW00023174","LOS ANGELES INTERNATIONAL AIRPORT, CA US","2022-08-18","70"
"USW00023174","LOS ANGELES INTERNATIONAL AIRPORT, CA US","2022-08-19","75"
"USW00023174","LOS ANGELES INTERNATIONAL AIRPORT, CA US","2022-08-20","80"
"USW00023174","LOS ANGELES INTERNATIONAL AIRPORT, CA US","2022-08-21","77"
"USW00023174","LOS ANGELES INTERNATIONAL AIRPORT, CA US","2022-08-22","74"
"USW00023174","LOS ANGELES INTERNATIONAL AIRPORT, CA US","2022-08-23","76"
"USW00023174","LOS ANGELES INTERNATIONAL AIRPORT, CA US","2022-08-24","79"
"USW00023174","LOS ANGELES INTERNATIONAL AIRPORT, CA US","2022-08-25","80"
"USW00023174","LOS ANGELES INTERNATIONAL AIRPORT, CA US","2022-08-26","76"
"USW00023174","LOS ANGELES INTERNATIONAL AIRPORT, CA US","2022-08-27","77"
"USW00023174","LOS ANGELES INTERNATIONAL AIRPORT, CA US","2022-08-28","76"
"USW00023174","LOS ANGELES INTERNATIONAL AIRPORT, CA US","2022-08-29","76"
"USW00023174","LOS ANGELES INTERNATIONAL AIRPORT, CA US","2022-08-30","77"
"USW00023174","LOS ANGELES INTERNATIONAL AIRPORT, CA US","2022-08-31","84"
"USW00023174","LOS ANGELES INTERNATIONAL AIRPORT, CA US","2022-09-01","88"
"USW00023174","LOS ANGELES INTERNATIONAL AIRPORT, CA US","2022-09-02","90"
"USW00023174","LOS ANGELES INTERNATIONAL AIRPORT, CA US","2022-09-03","92"
"USW00023174","LOS ANGELES INTERNATIONAL AIRPORT, CA US","2022-09-04","100"
"USW00023174","LOS ANGELES INTERNATIONAL AIRPORT, CA US","2022-09-05","91"
"USW00023174","LOS ANGELES INTERNATIONAL AIRPORT, CA US","2022-09-06","86"
"USW00023174","LOS ANGELES INTERNATIONAL AIRPORT, CA US","2022-09-07","87"
"USW00023174","LOS ANGELES INTERNATIONAL AIRPORT, CA US","2022-09-08","97"
"USW00023174","LOS ANGELES INTERNATIONAL AIRPORT, CA US","2022-09-09","102"
"USW00023174","LOS ANGELES INTERNATIONAL AIRPORT, CA US","2022-09-10","81"
"USW00023174","LOS ANGELES INTERNATIONAL AIRPORT, CA US","2022-09-11","85"
"USW00023174","LOS ANGELES INTERNATIONAL AIRPORT, CA US","2022-09-12","84"
"USW00023174","LOS ANGELES INTERNATIONAL AIRPORT, CA US","2022-09-13","80"
"USW00023174","LOS ANGELES INTERNATIONAL AIRPORT, CA US","2022-09-14","80"
"USW00023174","LOS ANGELES INTERNATIONAL AIRPORT, CA US","2022-09-15","78"
"USW00023174","LOS ANGELES INTERNATIONAL AIRPORT, CA US","2022-09-16","78"
"USW00023174","LOS ANGELES INTERNATIONAL AIRPORT, CA US","2022-09-17","77"
"USW00023174","LOS ANGELES INTERNATIONAL AIRPORT, CA US","2022-09-18","74"
"USW00023174","LOS ANGELES INTERNATIONAL AIRPORT, CA US","2022-09-19","77"
"USW00023174","LOS ANGELES INTERNATIONAL AIRPORT, CA US","2022-09-20","77"
"USW00023174","LOS ANGELES INTERNATIONAL AIRPORT, CA US","2022-09-21","77"
"USW00023174","LOS ANGELES INTERNATIONAL AIRPORT, CA US","2022-09-22","80"
"USW00023174","LOS ANGELES INTERNATIONAL AIRPORT, CA US","2022-09-23","81"
"USW00023174","LOS ANGELES INTERNATIONAL AIRPORT, CA US","2022-09-24","80"
"USW00023174","LOS ANGELES INTERNATIONAL AIRPORT, CA US","2022-09-25","78"
"USW00023174","LOS ANGELES INTERNATIONAL AIRPORT, CA US","2022-09-26","80"
"USW00023174","LOS ANGELES INTERNATIONAL AIRPORT, CA US","2022-09-27","81"
"USW00023174","LOS ANGELES INTERNATIONAL AIRPORT, CA US","2022-09-28","83"
"USW00023174","LOS ANGELES INTERNATIONAL AIRPORT, CA US","2022-09-29","76"
"USW00023174","LOS ANGELES INTERNATIONAL AIRPORT, CA US","2022-09-30","76"
"USW00023174","LOS ANGELES INTERNATIONAL AIRPORT, CA US","2022-10-01","75"
"USW00023174","LOS ANGELES INTERNATIONAL AIRPORT, CA US","2022-10-02","75"
"USW00023174","LOS ANGELES INTERNATIONAL AIRPORT, CA US","2022-10-03","74"
"USW00023174","LOS ANGELES INTERNATIONAL AIRPORT, CA US","2022-10-04","77"
"USW00023174","LOS ANGELES INTERNATIONAL AIRPORT, CA US","2022-10-05","75"
"USW00023174","LOS ANGELES INTERNATIONAL AIRPORT, CA US","2022-10-06","74"
"USW00023174","LOS ANGELES INTERNATIONAL AIRPORT, CA US","2022-10-07","75"
"USW00023174","LOS ANGELES INTERNATIONAL AIRPORT, CA US","2022-10-08","74"
"USW00023174","LOS ANGELES INTERNATIONAL AIRPORT, CA US","2022-10-09","72"
"USW00023174","LOS ANGELES INTERNATIONAL AIRPORT, CA US","2022-10-10","75"
"USW00023174","LOS ANGELES INTERNATIONAL AIRPORT, CA US","2022-10-11","75"
"USW00023174","LOS ANGELES INTERNATIONAL AIRPORT, CA US","2022-10-12","74"
"USW00023174","LOS ANGELES INTERNATIONAL AIRPORT, CA US","2022-10-13","69"
"USW00023174","LOS ANGELES INTERNATIONAL AIRPORT, CA US","2022-10-14","69"
"USW00023174","LOS ANGELES INTERNATIONAL AIRPORT, CA US","2022-10-15","71"
"USW00023174","LOS ANGELES INTERNATIONAL AIRPORT, CA US","2022-10-16","72"
"USW00023174","LOS ANGELES INTERNATIONAL AIRPORT, CA US","2022-10-17","74"
"USW00023174","LOS ANGELES INTERNATIONAL AIRPORT, CA US","2022-10-18","82"
"USW00023174","LOS ANGELES INTERNATIONAL AIRPORT, CA US","2022-10-19","94"
"USW00023174","LOS ANGELES INTERNATIONAL AIRPORT, CA US","2022-10-20","86"
"USW00023174","LOS ANGELES INTERNATIONAL AIRPORT, CA US","2022-10-21","76"
"USW00023174","LOS ANGELES INTERNATIONAL AIRPORT, CA US","2022-10-22","69"
"USW00023174","LOS ANGELES INTERNATIONAL AIRPORT, CA US","2022-10-23","72"
"USW00023174","LOS ANGELES INTERNATIONAL AIRPORT, CA US","2022-10-24","75"
"USW00023174","LOS ANGELES INTERNATIONAL AIRPORT, CA US","2022-10-25","74"
"USW00023174","LOS ANGELES INTERNATIONAL AIRPORT, CA US","2022-10-26","71"
"USW00023174","LOS ANGELES INTERNATIONAL AIRPORT, CA US","2022-10-27","75"
"USW00023174","LOS ANGELES INTERNATIONAL AIRPORT, CA US","2022-10-28","74"
"USW00023174","LOS ANGELES INTERNATIONAL AIRPORT, CA US","2022-10-29","72"
"USW00023174","LOS ANGELES INTERNATIONAL AIRPORT, CA US","2022-10-30","75"
"USW00023174","LOS ANGELES INTERNATIONAL AIRPORT, CA US","2022-10-31","75"
"USW00023174","LOS ANGELES INTERNATIONAL AIRPORT, CA US","2022-11-01","71"
"USW00023174","LOS ANGELES INTERNATIONAL AIRPORT, CA US","2022-11-02","67"
"USW00023174","LOS ANGELES INTERNATIONAL AIRPORT, CA US","2022-11-03","64"
"USW00023174","LOS ANGELES INTERNATIONAL AIRPORT, CA US","2022-11-04","67"
"USW00023174","LOS ANGELES INTERNATIONAL AIRPORT, CA US","2022-11-05","66"
"USW00023174","LOS ANGELES INTERNATIONAL AIRPORT, CA US","2022-11-06","67"
"USW00023174","LOS ANGELES INTERNATIONAL AIRPORT, CA US","2022-11-07","65"
"USW00023174","LOS ANGELES INTERNATIONAL AIRPORT, CA US","2022-11-08","67"
"USW00023174","LOS ANGELES INTERNATIONAL AIRPORT, CA US","2022-11-09","61"
"USW00023174","LOS ANGELES INTERNATIONAL AIRPORT, CA US","2022-11-10","68"
"USW00023174","LOS ANGELES INTERNATIONAL AIRPORT, CA US","2022-11-11","71"
"USW00023174","LOS ANGELES INTERNATIONAL AIRPORT, CA US","2022-11-12","68"
"USW00023174","LOS ANGELES INTERNATIONAL AIRPORT, CA US","2022-11-13","68"
"USW00023174","LOS ANGELES INTERNATIONAL AIRPORT, CA US","2022-11-14","69"
"USW00023174","LOS ANGELES INTERNATIONAL AIRPORT, CA US","2022-11-15","72"
"USW00023174","LOS ANGELES INTERNATIONAL AIRPORT, CA US","2022-11-16","74"
"USW00023174","LOS ANGELES INTERNATIONAL AIRPORT, CA US","2022-11-17","75"
"USW00023174","LOS ANGELES INTERNATIONAL AIRPORT, CA US","2022-11-18","69"
"USW00023174","LOS ANGELES INTERNATIONAL AIRPORT, CA US","2022-11-19","75"
"USW00023174","LOS ANGELES INTERNATIONAL AIRPORT, CA US","2022-11-20","77"
"USW00023174","LOS ANGELES INTERNATIONAL AIRPORT, CA US","2022-11-21","77"
"USW00023174","LOS ANGELES INTERNATIONAL AIRPORT, CA US","2022-11-22","74"
"USW00023174","LOS ANGELES INTERNATIONAL AIRPORT, CA US","2022-11-23","70"
"USW00023174","LOS ANGELES INTERNATIONAL AIRPORT, CA US","2022-11-24","78"
"USW00023174","LOS ANGELES INTERNATIONAL AIRPORT, CA US","2022-11-25","76"
"USW00023174","LOS ANGELES INTERNATIONAL AIRPORT, CA US","2022-11-26","71"
"USW00023174","LOS ANGELES INTERNATIONAL AIRPORT, CA US","2022-11-27","67"
"USW00023174","LOS ANGELES INTERNATIONAL AIRPORT, CA US","2022-11-28","63"
"USW00023174","LOS ANGELES INTERNATIONAL AIRPORT, CA US","2022-11-29","66"
"USW00023174","LOS ANGELES INTERNATIONAL AIRPORT, CA US","2022-11-30","65"
"USW00023174","LOS ANGELES INTERNATIONAL AIRPORT, CA US","2022-12-01","62"
"USW00023174","LOS ANGELES INTERNATIONAL AIRPORT, CA US","2022-12-02","61"
"USW00023174","LOS ANGELES INTERNATIONAL AIRPORT, CA US","2022-12-03","68"
"USW00023174","LOS ANGELES INTERNATIONAL AIRPORT, CA US","2022-12-04","64"
"USW00023174","LOS ANGELES INTERNATIONAL AIRPORT, CA US","2022-12-05","61"
"USW00023174","LOS ANGELES INTERNATIONAL AIRPORT, CA US","2022-12-06","61"
"USW00023174","LOS ANGELES INTERNATIONAL AIRPORT, CA US","2022-12-07","60"
"USW00023174","LOS ANGELES INTERNATIONAL AIRPORT, CA US","2022-12-08","60"
"USW00023174","LOS ANGELES INTERNATIONAL AIRPORT, CA US","2022-12-09","62"
"USW00023174","LOS ANGELES INTERNATIONAL AIRPORT, CA US","2022-12-10","63"
"USW00023174","LOS ANGELES INTERNATIONAL AIRPORT, CA US","2022-12-11","59"
"USW00023174","LOS ANGELES INTERNATIONAL AIRPORT, CA US","2022-12-12","57"
"USW00023174","LOS ANGELES INTERNATIONAL AIRPORT, CA US","2022-12-13","59"
"USW00023174","LOS ANGELES INTERNATIONAL AIRPORT, CA US","2022-12-14","59"
"USW00023174","LOS ANGELES INTERNATIONAL AIRPORT, CA US","2022-12-15","61"
"USW00023174","LOS ANGELES INTERNATIONAL AIRPORT, CA US","2022-12-16","69"
"USW00023174","LOS ANGELES INTERNATIONAL AIRPORT, CA US","2022-12-17","66"
"USW00023174","LOS ANGELES INTERNATIONAL AIRPORT, CA US","2022-12-18","64"
"USW00023174","LOS ANGELES INTERNATIONAL AIRPORT, CA US","2022-12-19","65"
"USW00023174","LOS ANGELES INTERNATIONAL AIRPORT, CA US","2022-12-20","63"
"USW00023174","LOS ANGELES INTERNATIONAL AIRPORT, CA US","2022-12-21","66"
"USW00023174","LOS ANGELES INTERNATIONAL AIRPORT, CA US","2022-12-22","69"
"USW00023174","LOS ANGELES INTERNATIONAL AIRPORT, CA US","2022-12-23","66"
"USW00023174","LOS ANGELES INTERNATIONAL AIRPORT, CA US","2022-12-24","76"
"USW00023174","LOS ANGELES INTERNATIONAL AIRPORT, CA US","2022-12-25","83"
"USW00023174","LOS ANGELES INTERNATIONAL AIRPORT, CA US","2022-12-26","78"
"USW00023174","LOS ANGELES INTERNATIONAL AIRPORT, CA US","2022-12-27","64"
"USW00023174","LOS ANGELES INTERNATIONAL AIRPORT, CA US","2022-12-28","63"
"USW00023174","LOS ANGELES INTERNATIONAL AIRPORT, CA US","2022-12-29","60"
"USW00023174","LOS ANGELES INTERNATIONAL AIRPORT, CA US","2022-12-30","60"
"USW00023174","LOS ANGELES INTERNATIONAL AIRPORT, CA US","2022-12-31","60"
"USW00023174","LOS ANGELES INTERNATIONAL AIRPORT, CA US","2023-01-01","61"
"USW00023174","LOS ANGELES INTERNATIONAL AIRPORT, CA US","2023-01-02","58"
"USW00023174","LOS ANGELES INTERNATIONAL AIRPORT, CA US","2023-01-03","58"
"USW00023174","LOS ANGELES INTERNATIONAL AIRPORT, CA US","2023-01-04","61"
"USW00023174","LOS ANGELES INTERNATIONAL AIRPORT, CA US","2023-01-05","62"
"USW00023174","LOS ANGELES INTERNATIONAL AIRPORT, CA US","2023-01-06","62"
"USW00023174","LOS ANGELES INTERNATIONAL AIRPORT, CA US","2023-01-07","68"
"USW00023174","LOS ANGELES INTERNATIONAL AIRPORT, CA US","2023-01-08","63"
"USW00023174","LOS ANGELES INTERNATIONAL AIRPORT, CA US","2023-01-09","60"
"USW00023174","LOS ANGELES INTERNATIONAL AIRPORT, CA US","2023-01-10","62"
"USW00023174","LOS ANGELES INTERNATIONAL AIRPORT, CA US","2023-01-11","61"
"USW00023174","LOS ANGELES INTERNATIONAL AIRPORT, CA US","2023-01-12","72"
"USW00023174","LOS ANGELES INTERNATIONAL AIRPORT, CA US","2023-01-13","64"
"USW00023174","LOS ANGELES INTERNATIONAL AIRPORT, CA US","2023-01-14","59"
"USW00023174","LOS ANGELES INTERNATIONAL AIRPORT, CA US","2023-01-15","59"
"USW00023174","LOS ANGELES INTERNATIONAL AIRPORT, CA US","2023-01-16","59"
"USW00023174","LOS ANGELES INTERNATIONAL AIRPORT, CA US","2023-01-17","58"
"USW00023174","LOS ANGELES INTERNATIONAL AIRPORT, CA US","2023-01-18","60"
"USW00023174","LOS ANGELES INTERNATIONAL AIRPORT, CA US","2023-01-19","57"
"USW00023174","LOS ANGELES INTERNATIONAL AIRPORT, CA US","2023-01-20","59"
"USW00023174","LOS ANGELES INTERNATIONAL AIRPORT, CA US","2023-01-21","62"
"USW00023174","LOS ANGELES INTERNATIONAL AIRPORT, CA US","2023-01-22","60"
"USW00023174","LOS ANGELES INTERNATIONAL AIRPORT, CA US","2023-01-23","68"
"USW00023174","LOS ANGELES INTERNATIONAL AIRPORT, CA US","2023-01-24","65"
"USW00023174","LOS ANGELES INTERNATIONAL AIRPORT, CA US","2023-01-25","69"
"USW00023174","LOS ANGELES INTERNATIONAL AIRPORT, CA US","2023-01-26","68"
"USW00023174","LOS ANGELES INTERNATIONAL AIRPORT, CA US","2023-01-27","67"
"USW00023174","LOS ANGELES INTERNATIONAL AIRPORT, CA US","2023-01-28","63"
"USW00023174","LOS ANGELES INTERNATIONAL AIRPORT, CA US","2023-01-29","57"
"USW00023174","LOS ANGELES INTERNATIONAL AIRPORT, CA US","2023-01-30","59"
"USW00023174","LOS ANGELES INTERNATIONAL AIRPORT, CA US","2023-01-31","67"
"USW00023174","LOS ANGELES INTERNATIONAL AIRPORT, CA US","2023-02-01","65"
"USW00023174","LOS ANGELES INTERNATIONAL AIRPORT, CA US","2023-02-02","67"
"USW00023174","LOS ANGELES INTERNATIONAL AIRPORT, CA US","2023-02-03","67"
"USW00023174","LOS ANGELES INTERNATIONAL AIRPORT, CA US","2023-02-04","66"
"USW00023174","LOS ANGELES INTERNATIONAL AIRPORT, CA US","2023-02-05","63"
"USW00023174","LOS ANGELES INTERNATIONAL AIRPORT, CA US","2023-02-06","71"
"USW00023174","LOS ANGELES INTERNATIONAL AIRPORT, CA US","2023-02-07","67"
"USW00023174","LOS ANGELES INTERNATIONAL AIRPORT, CA US","2023-02-08","71"
"USW00023174","LOS ANGELES INTERNATIONAL AIRPORT, CA US","2023-02-09","76"
"USW00023174","LOS ANGELES INTERNATIONAL AIRPORT, CA US","2023-02-10","78"
"USW00023174","LOS ANGELES INTERNATIONAL AIRPORT, CA US","2023-02-11","60"
"USW00023174","LOS ANGELES INTERNATIONAL AIRPORT, CA US","2023-02-12","59"
"USW00023174","LOS ANGELES INTERNATIONAL AIRPORT, CA US","2023-02-13","63"
"USW00023174","LOS ANGELES INTERNATIONAL AIRPORT, CA US","2023-02-14","59"
"USW00023174","LOS ANGELES INTERNATIONAL AIRPORT, CA US","2023-02-15","62"
"USW00023174","LOS ANGELES INTERNATIONAL AIRPORT, CA US","2023-02-16","63"
"USW00023174","LOS ANGELES INTERNATIONAL AIRPORT, CA US","2023-02-17","68"
"USW00023174","LOS ANGELES INTERNATIONAL AIRPORT, CA US","2023-02-18","68"
"USW00023174","LOS ANGELES INTERNATIONAL AIRPORT, CA US","2023-02-19","66"
"USW00023174","LOS ANGELES INTERNATIONAL AIRPORT, CA US","2023-02-20","68"
"USW00023174","LOS ANGELES INTERNATIONAL AIRPORT, CA US","2023-02-21","63"
"USW00023174","LOS ANGELES INTERNATIONAL AIRPORT, CA US","2023-02-22","57"
"USW00023174","LOS ANGELES INTERNATIONAL AIRPORT, CA US","2023-02-23","53"
"USW00023174","LOS ANGELES INTERNATIONAL AIRPORT, CA US","2023-02-24","56"
"USW00023174","LOS ANGELES INTERNATIONAL AIRPORT, CA US","2023-02-25","54"
"USW00023174","LOS ANGELES INTERNATIONAL AIRPORT, CA US","2023-02-26","55"
"USW00023174","LOS ANGELES INTERNATIONAL AIRPORT, CA US","2023-02-27","54"
"USW00023174","LOS ANGELES INTERNATIONAL AIRPORT, CA US","2023-02-28","57"
"USW00023174","LOS ANGELES INTERNATIONAL AIRPORT, CA US","2023-03-01","55"
"USW00023174","LOS ANGELES INTERNATIONAL AIRPORT, CA US","2023-03-02","60"
"USW00023174","LOS ANGELES INTERNATIONAL AIRPORT, CA US","2023-03-03","59"
"USW00023174","LOS ANGELES INTERNATIONAL AIRPORT, CA US","2023-03-04","59"
"USW00023174","LOS ANGELES INTERNATIONAL AIRPORT, CA US","2023-03-05","58"
"USW00023174","LOS ANGELES INTERNATIONAL AIRPORT, CA US","2023-03-06","59"
"USW00023174","LOS ANGELES INTERNATIONAL AIRPORT, CA US","2023-03-07","59"
"USW00023174","LOS ANGELES INTERNATIONAL AIRPORT, CA US","2023-03-08","58"
"USW00023174","LOS ANGELES INTERNATIONAL AIRPORT, CA US","2023-03-09","62"
"USW00023174","LOS ANGELES INTERNATIONAL AIRPORT, CA US","2023-03-10","57"
"USW00023174","LOS ANGELES INTERNATIONAL AIRPORT, CA US","2023-03-11","61"
"USW00023174","LOS ANGELES INTERNATIONAL AIRPORT, CA US","2023-03-12","62"
"USW00023174","LOS ANGELES INTERNATIONAL AIRPORT, CA US","2023-03-13","62"
"USW00023174","LOS ANGELES INTERNATIONAL AIRPORT, CA US","2023-03-14","59"
"USW00023174","LOS ANGELES INTERNATIONAL AIRPORT, CA US","2023-03-15","59"
"USW00023174","LOS ANGELES INTERNATIONAL AIRPORT, CA US","2023-03-16","60"
"USW00023174","LOS ANGELES INTERNATIONAL AIRPORT, CA US","2023-03-17","62"
"USW00023174","LOS ANGELES INTERNATIONAL AIRPORT, CA US","2023-03-18","75"
"USW00023174","LOS ANGELES INTERNATIONAL AIRPORT, CA US","2023-03-19","61"
"USW00023174","LOS ANGELES INTERNATIONAL AIRPORT, CA US","2023-03-20","61"
"USW00023174","LOS ANGELES INTERNATIONAL AIRPORT, CA US","2023-03-21","60"
"USW00023174","LOS ANGELES INTERNATIONAL AIRPORT, CA US","2023-03-22","59"
"USW00023174","LOS ANGELES INTERNATIONAL AIRPORT, CA US","2023-03-23","60"
"USW00023174","LOS ANGELES INTERNATIONAL AIRPORT, CA US","2023-03-24","63"
"USW00023174","LOS ANGELES INTERNATIONAL AIRPORT, CA US","2023-03-25","65"
"USW00023174","LOS ANGELES INTERNATIONAL AIRPORT, CA US","2023-03-26","64"
"USW00023174","LOS ANGELES INTERNATIONAL AIRPORT, CA US","2023-03-27","72"
"USW00023174","LOS ANGELES INTERNATIONAL AIRPORT, CA US","2023-03-28","68"
"USW00023174","LOS ANGELES INTERNATIONAL AIRPORT, CA US","2023-03-29","59"
"USW00023174","LOS ANGELES INTERNATIONAL AIRPORT, CA US","2023-03-30","59"
"USW00023174","LOS ANGELES INTERNATIONAL AIRPORT, CA US","2023-03-31","61"
"USW00023174","LOS ANGELES INTERNATIONAL AIRPORT, CA US","2023-04-01","66"
"USW00023174","LOS ANGELES INTERNATIONAL AIRPORT, CA US","2023-04-02","62"
"USW00023174","LOS ANGELES INTERNATIONAL AIRPORT, CA US","2023-04-03","62"
"USW00023174","LOS ANGELES INTERNATIONAL AIRPORT, CA US","2023-04-04","61"
"USW00023174","LOS ANGELES INTERNATIONAL AIRPORT, CA US","2023-04-05","65"
"USW00023174","LOS ANGELES INTERNATIONAL AIRPORT, CA US","2023-04-06","70"
"USW00023174","LOS ANGELES INTERNATIONAL AIRPORT, CA US","2023-04-07","68"
"USW00023174","LOS ANGELES INTERNATIONAL AIRPORT, CA US","2023-04-08","65"
"USW00023174","LOS ANGELES INTERNATIONAL AIRPORT, CA US","2023-04-09","62"
"USW00023174","LOS ANGELES INTERNATIONAL AIRPORT, CA US","2023-04-10","63"
"USW00023174","LOS ANGELES INTERNATIONAL AIRPORT, CA US","2023-04-11","61"
"USW00023174","LOS ANGELES INTERNATIONAL AIRPORT, CA US","2023-04-12","60"
"USW00023174","LOS ANGELES INTERNATIONAL AIRPORT, CA US","2023-04-13","60"
"USW00023174","LOS ANGELES INTERNATIONAL AIRPORT, CA US","2023-04-14","63"
"USW00023174","LOS ANGELES INTERNATIONAL AIRPORT, CA US","2023-04-15","64"
"USW00023174","LOS ANGELES INTERNATIONAL AIRPORT, CA US","2023-04-16","61"
"USW00023174","LOS ANGELES INTERNATIONAL AIRPORT, CA US","2023-04-17","64"
"USW00023174","LOS ANGELES INTERNATIONAL AIRPORT, CA US","2023-04-18","65"
"USW00023174","LOS ANGELES INTERNATIONAL AIRPORT, CA US","2023-04-19","65"
"USW00023174","LOS ANGELES INTERNATIONAL AIRPORT, CA US","2023-04-20","73"
"USW00023174","LOS ANGELES INTERNATIONAL AIRPORT, CA US","2023-04-21","82"
"USW00023174","LOS ANGELES INTERNATIONAL AIRPORT, CA US","2023-04-22","81"
"USW00023174","LOS ANGELES INTERNATIONAL AIRPORT, CA US","2023-04-23","69"
"USW00023174","LOS ANGELES INTERNATIONAL AIRPORT, CA US","2023-04-24","67"
"USW00023174","LOS ANGELES INTERNATIONAL AIRPORT, CA US","2023-04-25","67"
"USW00023174","LOS ANGELES INTERNATIONAL AIRPORT, CA US","2023-04-26","65"
"USW00023174","LOS ANGELES INTERNATIONAL AIRPORT, CA US","2023-04-27","63"
"USW00023174","LOS ANGELES INTERNATIONAL AIRPORT, CA US","2023-04-28","63"
"USW00023174","LOS ANGELES INTERNATIONAL AIRPORT, CA US","2023-04-29","63"
"USW00023174","LOS ANGELES INTERNATIONAL AIRPORT, CA US","2023-04-30","63"
"USW00023174","LOS ANGELES INTERNATIONAL AIRPORT, CA US","2023-05-01","64"
"USW00023174","LOS ANGELES INTERNATIONAL AIRPORT, CA US","2023-05-02","64"
"USW00023174","LOS ANGELES INTERNATIONAL AIRPORT, CA US","2023-05-03","64"
"USW00023174","LOS ANGELES INTERNATIONAL AIRPORT, CA US","2023-05-04","64"
"USW00023174","LOS ANGELES INTERNATIONAL AIRPORT, CA US","2023-05-05","66"
"USW00023174","LOS ANGELES INTERNATIONAL AIRPORT, CA US","2023-05-06","66"
"USW00023174","LOS ANGELES INTERNATIONAL AIRPORT, CA US","2023-05-07","67"
"USW00023174","LOS ANGELES INTERNATIONAL AIRPORT, CA US","2023-05-08","67"
"USW00023174","LOS ANGELES INTERNATIONAL AIRPORT, CA US","2023-05-09","66"
"USW00023174","LOS ANGELES INTERNATIONAL AIRPORT, CA US","2023-05-10","66"
"USW00023174","LOS ANGELES INTERNATIONAL AIRPORT, CA US","2023-05-11","66"
"USW00023174","LOS ANGELES INTERNATIONAL AIRPORT, CA US","2023-05-12","68"
"USW00023174","LOS ANGELES INTERNATIONAL AIRPORT, CA US","2023-05-13","66"
"USW00023174","LOS ANGELES INTERNATIONAL AIRPORT, CA US","2023-05-14","70"
"USW00023174","LOS ANGELES INTERNATIONAL AIRPORT, CA US","2023-05-15","66"
"USW00023174","LOS ANGELES INTERNATIONAL AIRPORT, CA US","2023-05-16","66"
"USW00023174","LOS ANGELES INTERNATIONAL AIRPORT, CA US","2023-05-17","64"
"USW00023174","LOS ANGELES INTERNATIONAL AIRPORT, CA US","2023-05-18","70"
"USW00023174","LOS ANGELES INTERNATIONAL AIRPORT, CA US","2023-05-19","64"
"USW00023174","LOS ANGELES INTERNATIONAL AIRPORT, CA US","2023-05-20","67"
"USW00023174","LOS ANGELES INTERNATIONAL AIRPORT, CA US","2023-05-21","67"
"USW00023174","LOS ANGELES INTERNATIONAL AIRPORT, CA US","2023-05-22","64"
"USW00023174","LOS ANGELES INTERNATIONAL AIRPORT, CA US","2023-05-23","61"
"USW00023174","LOS ANGELES INTERNATIONAL AIRPORT, CA US","2023-05-24","65"
"USW00023174","LOS ANGELES INTERNATIONAL AIRPORT, CA US","2023-05-25","65"
"USW00023174","LOS ANGELES INTERNATIONAL AIRPORT, CA US","2023-05-26","68"
"USW00023174","LOS ANGELES INTERNATIONAL AIRPORT, CA US","2023-05-27","67"
"USW00023174","LOS ANGELES INTERNATIONAL AIRPORT, CA US","2023-05-28","64"
"USW00023174","LOS ANGELES INTERNATIONAL AIRPORT, CA US","2023-05-29","68"
"USW00023174","LOS ANGELES INTERNATIONAL AIRPORT, CA US","2023-05-30","66"
"USW00023174","LOS ANGELES INTERNATIONAL AIRPORT, CA US","2023-05-31","68"
"USW00023174","LOS ANGELES INTERNATIONAL AIRPORT, CA US","2023-06-01","65"
"USW00023174","LOS ANGELES INTERNATIONAL AIRPORT, CA US","2023-06-02","69"
"USW00023174","LOS ANGELES INTERNATIONAL AIRPORT, CA US","2023-06-03","69"
"USW00023174","LOS ANGELES INTERNATIONAL AIRPORT, CA US","2023-06-04","67"
"USW00023174","LOS ANGELES INTERNATIONAL AIRPORT, CA US","2023-06-05","66"
"USW00023174","LOS ANGELES INTERNATIONAL AIRPORT, CA US","2023-06-06","65"
"USW00023174","LOS ANGELES INTERNATIONAL AIRPORT, CA US","2023-06-07","67"
"USW00023174","LOS ANGELES INTERNATIONAL AIRPORT, CA US","2023-06-08","69"
"USW00023174","LOS ANGELES INTERNATIONAL AIRPORT, CA US","2023-06-09","68"
"USW00023174","LOS ANGELES INTERNATIONAL AIRPORT, CA US","2023-06-10","68"
"USW00023174","LOS ANGELES INTERNATIONAL AIRPORT, CA US","2023-06-11","69"
"USW00023174","LOS ANGELES INTERNATIONAL AIRPORT, CA US","2023-06-12","70"
"USW00023174","LOS ANGELES INTERNATIONAL AIRPORT, CA US","2023-06-13","69"
"USW00023174","LOS ANGELES INTERNATIONAL AIRPORT, CA US","2023-06-14","65"
"USW00023174","LOS ANGELES INTERNATIONAL AIRPORT, CA US","2023-06-15","67"
"USW00023174","LOS ANGELES INTERNATIONAL AIRPORT, CA US","2023-06-16","70"
"USW00023174","LOS ANGELES INTERNATIONAL AIRPORT, CA US","2023-06-17","69"
"USW00023174","LOS ANGELES INTERNATIONAL AIRPORT, CA US","2023-06-18","68"
"USW00023174","LOS ANGELES INTERNATIONAL AIRPORT, CA US","2023-06-19","71"
"USW00023174","LOS ANGELES INTERNATIONAL AIRPORT, CA US","2023-06-20","71"
"USW00023174","LOS ANGELES INTERNATIONAL AIRPORT, CA US","2023-06-21","72"
"USW00023174","LOS ANGELES INTERNATIONAL AIRPORT, CA US","2023-06-22","70"
"USW00023174","LOS ANGELES INTERNATIONAL AIRPORT, CA US","2023-06-23","70"
"USW00023174","LOS ANGELES INTERNATIONAL AIRPORT, CA US","2023-06-24","72"
"USW00023174","LOS ANGELES INTERNATIONAL AIRPORT, CA US","2023-06-25","70"
"USW00023174","LOS ANGELES INTERNATIONAL AIRPORT, CA US","2023-06-26","69"
"USW00023174","LOS ANGELES INTERNATIONAL AIRPORT, CA US","2023-06-27","69"
"USW00023174","LOS ANGELES INTERNATIONAL AIRPORT, CA US","2023-06-28","70"
"USW00023174","LOS ANGELES INTERNATIONAL AIRPORT, CA US","2023-06-29","71"
"USW00023174","LOS ANGELES INTERNATIONAL AIRPORT, CA US","2023-06-30","69"
"USW00023174","LOS ANGELES INTERNATIONAL AIRPORT, CA US","2023-07-01","70"
"USW00023174","LOS ANGELES INTERNATIONAL AIRPORT, CA US","2023-07-02","69"
"USW00023174","LOS ANGELES INTERNATIONAL AIRPORT, CA US","2023-07-03","69"
"USW00023174","LOS ANGELES INTERNATIONAL AIRPORT, CA US","2023-07-04","69"
"USW00023174","LOS ANGELES INTERNATIONAL AIRPORT, CA US","2023-07-05","69"
"USW00023174","LOS ANGELES INTERNATIONAL AIRPORT, CA US","2023-07-06","70"
"USW00023174","LOS ANGELES INTERNATIONAL AIRPORT, CA US","2023-07-07","70"
"USW00023174","LOS ANGELES INTERNATIONAL AIRPORT, CA US","2023-07-08","71"
"USW00023174","LOS ANGELES INTERNATIONAL AIRPORT, CA US","2023-07-09","72"
"USW00023174","LOS ANGELES INTERNATIONAL AIRPORT, CA US","2023-07-10","73"
"USW00023174","LOS ANGELES INTERNATIONAL AIRPORT, CA US","2023-07-11","71"
"USW00023174","LOS ANGELES INTERNATIONAL AIRPORT, CA US","2023-07-12","76"
"USW00023174","LOS ANGELES INTERNATIONAL AIRPORT, CA US","2023-07-13","76"
"USW00023174","LOS ANGELES INTERNATIONAL AIRPORT, CA US","2023-07-14","77"
"USW00023174","LOS ANGELES INTERNATIONAL AIRPORT, CA US","2023-07-15","73"
"USW00023174","LOS ANGELES INTERNATIONAL AIRPORT, CA US","2023-07-16","75"
"USW00023174","LOS ANGELES INTERNATIONAL AIRPORT, CA US","2023-07-17","76"
"USW00023174","LOS ANGELES INTERNATIONAL AIRPORT, CA US","2023-07-18","76"
"USW00023174","LOS ANGELES INTERNATIONAL AIRPORT, CA US","2023-07-19","75"
"USW00023174","LOS ANGELES INTERNATIONAL AIRPORT, CA US","2023-07-20","76"
"USW00023174","LOS ANGELES INTERNATIONAL AIRPORT, CA US","2023-07-21","73"
"USW00023174","LOS ANGELES INTERNATIONAL AIRPORT, CA US","2023-07-22","74"
"USW00023174","LOS ANGELES INTERNATIONAL AIRPORT, CA US","2023-07-23","81"
"USW00023174","LOS ANGELES INTERNATIONAL AIRPORT, CA US","2023-07-24","74"
"USW00023174","LOS ANGELES INTERNATIONAL AIRPORT, CA US","2023-07-25","77"
"USW00023174","LOS ANGELES INTERNATIONAL AIRPORT, CA US","2023-07-26","82"
"USW00023174","LOS ANGELES INTERNATIONAL AIRPORT, CA US","2023-07-27","80"
"USW00023174","LOS ANGELES INTERNATIONAL AIRPORT, CA US","2023-07-28","78"
"USW00023174","LOS ANGELES INTERNATIONAL AIRPORT, CA US","2023-07-29","79"
"USW00023174","LOS ANGELES INTERNATIONAL AIRPORT, CA US","2023-07-30","80"
"USW00023174","LOS ANGELES INTERNATIONAL AIRPORT, CA US","2023-07-31","84"
"USW00023174","LOS ANGELES INTERNATIONAL AIRPORT, CA US","2023-08-01","79"
"USW00023174","LOS ANGELES INTERNATIONAL AIRPORT, CA US","2023-08-02","77"
"USW00023174","LOS ANGELES INTERNATIONAL AIRPORT, CA US","2023-08-03","75"
"USW00023174","LOS ANGELES INTERNATIONAL AIRPORT, CA US","2023-08-04","76"
"USW00023174","LOS ANGELES INTERNATIONAL AIRPORT, CA US","2023-08-05","76"
"USW00023174","LOS ANGELES INTERNATIONAL AIRPORT, CA US","2023-08-06","76"
"USW00023174","LOS ANGELES INTERNATIONAL AIRPORT, CA US","2023-08-07","77"
"USW00023174","LOS ANGELES INTERNATIONAL AIRPORT, CA US","2023-08-08","79"
"USW00023174","LOS ANGELES INTERNATIONAL AIRPORT, CA US","2023-08-09","75"
"USW00023174","LOS ANGELES INTERNATIONAL AIRPORT, CA US","2023-08-10","79"
"USW00023174","LOS ANGELES INTERNATIONAL AIRPORT, CA US","2023-08-11","75"
"USW00023174","LOS ANGELES INTERNATIONAL AIRPORT, CA US","2023-08-12","76"
"USW00023174","LOS ANGELES INTERNATIONAL AIRPORT, CA US","2023-08-13","75"
"USW00023174","LOS ANGELES INTERNATIONAL AIRPORT, CA US","2023-08-14","74"
"USW00023174","LOS ANGELES INTERNATIONAL AIRPORT, CA US","2023-08-15","73"
"USW00023174","LOS ANGELES INTERNATIONAL AIRPORT, CA US","2023-08-16","74"
"USW00023174","LOS ANGELES INTERNATIONAL AIRPORT, CA US","2023-08-17","71"
"USW00023174","LOS ANGELES INTERNATIONAL AIRPORT, CA US","2023-08-18","73"
"USW00023174","LOS ANGELES INTERNATIONAL AIRPORT, CA US","2023-08-19","75"
"USW00023174","LOS ANGELES INTERNATIONAL AIRPORT, CA US","2023-08-20","77"
"USW00023174","LOS ANGELES INTERNATIONAL AIRPORT, CA US","2023-08-21","76"
"USW00023174","LOS ANGELES INTERNATIONAL AIRPORT, CA US","2023-08-22","76"
"USW00023174","LOS ANGELES INTERNATIONAL AIRPORT, CA US","2023-08-23","74"
"USW00023174","LOS ANGELES INTERNATIONAL AIRPORT, CA US","2023-08-24","72"
"USW00023174","LOS ANGELES INTERNATIONAL AIRPORT, CA US","2023-08-25","73"
"USW00023174","LOS ANGELES INTERNATIONAL AIRPORT, CA US","2023-08-26","75"
"USW00023174","LOS ANGELES INTERNATIONAL AIRPORT, CA US","2023-08-27","77"
"USW00023174","LOS ANGELES INTERNATIONAL AIRPORT, CA US","2023-08-28","85"
"USW00023174","LOS ANGELES INTERNATIONAL AIRPORT, CA US","2023-08-29","82"
"USW00023174","LOS ANGELES INTERNATIONAL AIRPORT, CA US","2023-08-30","83"
"USW00023174","LOS ANGELES INTERNATIONAL AIRPORT, CA US","2023-08-31","76"
"USW00023174","LOS ANGELES INTERNATIONAL AIRPORT, CA US","2023-09-01","81"
"USW00023174","LOS ANGELES INTERNATIONAL AIRPORT, CA US","2023-09-02","78"
"USW00023174","LOS ANGELES INTERNATIONAL AIRPORT, CA US","2023-09-03","77"
"USW00023174","LOS ANGELES INTERNATIONAL AIRPORT, CA US","2023-09-04","74"
"USW00023174","LOS ANGELES INTERNATIONAL AIRPORT, CA US","2023-09-05","72"
"USW00023174","LOS ANGELES INTERNATIONAL AIRPORT, CA US","2023-09-06","76"
"USW00023174","LOS ANGELES INTERNATIONAL AIRPORT, CA US","2023-09-07","75"
"USW00023174","LOS ANGELES INTERNATIONAL AIRPORT, CA US","2023-09-08","82"
"USW00023174","LOS ANGELES INTERNATIONAL AIRPORT, CA US","2023-09-09","82"
"USW00023174","LOS ANGELES INTERNATIONAL AIRPORT, CA US","2023-09-10","87"
"USW00023174","LOS ANGELES INTERNATIONAL AIRPORT, CA US","2023-09-11","85"
"USW00023174","LOS ANGELES INTERNATIONAL AIRPORT, CA US","2023-09-12","76"
"USW00023174","LOS ANGELES INTERNATIONAL AIRPORT, CA US","2023-09-13","76"
"USW00023174","LOS ANGELES INTERNATIONAL AIRPORT, CA US","2023-09-14","74"
"USW00023174","LOS ANGELES INTERNATIONAL AIRPORT, CA US","2023-09-15","73"
"USW00023174","LOS ANGELES INTERNATIONAL AIRPORT, CA US","2023-09-16","69"
"USW00023174","LOS ANGELES INTERNATIONAL AIRPORT, CA US","2023-09-17","71"
"USW00023174","LOS ANGELES INTERNATIONAL AIRPORT, CA US","2023-09-18","79"
"USW00023174","LOS ANGELES INTERNATIONAL AIRPORT, CA US","2023-09-19","75"
"USW00023174","LOS ANGELES INTERNATIONAL AIRPORT, CA US","2023-09-20","73"
"USW00023174","LOS ANGELES INTERNATIONAL AIRPORT, CA US","2023-09-21","71"
"USW00023174","LOS ANGELES INTERNATIONAL AIRPORT, CA US","2023-09-22","72"
"USW00023174","LOS ANGELES INTERNATIONAL AIRPORT, CA US","2023-09-23","72"
"USW00023174","LOS ANGELES INTERNATIONAL AIRPORT, CA US","2023-09-24","73"
"USW00023174","LOS ANGELES INTERNATIONAL AIRPORT, CA US","2023-09-25","74"
"USW00023174","LOS ANGELES INTERNATIONAL AIRPORT, CA US","2023-09-26","75"
"USW00023174","LOS ANGELES INTERNATIONAL AIRPORT, CA US","2023-09-27","75"
"USW00023174","LOS ANGELES INTERNATIONAL AIRPORT, CA US","2023-09-28","73"
"USW00023174","LOS ANGELES INTERNATIONAL AIRPORT, CA US","2023-09-29","70"
"USW00023174","LOS ANGELES INTERNATIONAL AIRPORT, CA US","2023-09-30","69"
"USW00023174","LOS ANGELES INTERNATIONAL AIRPORT, CA US","2023-10-01","69"
"USW00023174","LOS ANGELES INTERNATIONAL AIRPORT, CA US","2023-10-02","70"
"USW00023174","LOS ANGELES INTERNATIONAL AIRPORT, CA US","2023-10-03","77"
"USW00023174","LOS ANGELES INTERNATIONAL AIRPORT, CA US","2023-10-04","81"
"USW00023174","LOS ANGELES INTERNATIONAL AIRPORT, CA US","2023-10-05","91"
"USW00023174","LOS ANGELES INTERNATIONAL AIRPORT, CA US","2023-10-06","84"
"USW00023174","LOS ANGELES INTERNATIONAL AIRPORT, CA US","2023-10-07","79"
"USW00023174","LOS ANGELES INTERNATIONAL AIRPORT, CA US","2023-10-08","71"
"USW00023174","LOS ANGELES INTERNATIONAL AIRPORT, CA US","2023-10-09","69"
"USW00023174","LOS ANGELES INTERNATIONAL AIRPORT, CA US","2023-10-10","73"
"USW00023174","LOS ANGELES INTERNATIONAL AIRPORT, CA US","2023-10-11","72"
"USW00023174","LOS ANGELES INTERNATIONAL AIRPORT, CA US","2023-10-12","75"
"USW00023174","LOS ANGELES INTERNATIONAL AIRPORT, CA US","2023-10-13","75"
"USW00023174","LOS ANGELES INTERNATIONAL AIRPORT, CA US","2023-10-14","73"
"USW00023174","LOS ANGELES INTERNATIONAL AIRPORT, CA US","2023-10-15","79"
"USW00023174","LOS ANGELES INTERNATIONAL AIRPORT, CA US","2023-10-16","76"
"USW00023174","LOS ANGELES INTERNATIONAL AIRPORT, CA US","2023-10-17","72"
"USW00023174","LOS ANGELES INTERNATIONAL AIRPORT, CA US","2023-10-18","70"
"USW00023174","LOS ANGELES INTERNATIONAL AIRPORT, CA US","2023-10-19","72"
"USW00023174","LOS ANGELES INTERNATIONAL AIRPORT, CA US","2023-10-20","75"
"USW00023174","LOS ANGELES INTERNATIONAL AIRPORT, CA US","2023-10-21","77"
"USW00023174","LOS ANGELES INTERNATIONAL AIRPORT, CA US","2023-10-22","73"
"USW00023174","LOS ANGELES INTERNATIONAL AIRPORT, CA US","2023-10-23","73"
"USW00023174","LOS ANGELES INTERNATIONAL AIRPORT, CA US","2023-10-24","73"
"USW00023174","LOS ANGELES INTERNATIONAL AIRPORT, CA US","2023-10-25","71"
"USW00023174","LOS ANGELES INTERNATIONAL AIRPORT, CA US","2023-10-26","70"
"USW00023174","LOS ANGELES INTERNATIONAL AIRPORT, CA US","2023-10-27","72"
"USW00023174","LOS ANGELES INTERNATIONAL AIRPORT, CA US","2023-10-28","72"
"USW00023174","LOS ANGELES INTERNATIONAL AIRPORT, CA US","2023-10-29","79"
"USW00023174","LOS ANGELES INTERNATIONAL AIRPORT, CA US","2023-10-30","80"
"USW00023174","LOS ANGELES INTERNATIONAL AIRPORT, CA US","2023-10-31","83"
"USW00023174","LOS ANGELES INTERNATIONAL AIRPORT, CA US","2023-11-01","86"
"USW00023174","LOS ANGELES INTERNATIONAL AIRPORT, CA US","2023-11-02","80"
"USW00023174","LOS ANGELES INTERNATIONAL AIRPORT, CA US","2023-11-03","77"
"USW00023174","LOS ANGELES INTERNATIONAL AIRPORT, CA US","2023-11-04","70"
"USW00023174","LOS ANGELES INTERNATIONAL AIRPORT, CA US","2023-11-05","72"
"USW00023174","LOS ANGELES INTERNATIONAL AIRPORT, CA US","2023-11-06","71"
"USW00023174","LOS ANGELES INTERNATIONAL AIRPORT, CA US","2023-11-07","71"
"USW00023174","LOS ANGELES INTERNATIONAL AIRPORT, CA US","2023-11-08","77"
"USW00023174","LOS ANGELES INTERNATIONAL AIRPORT, CA US","2023-11-09","78"
"USW00023174","LOS ANGELES INTERNATIONAL AIRPORT, CA US","2023-11-10","74"
"USW00023174","LOS ANGELES INTERNATIONAL AIRPORT, CA US","2023-11-11","77"
"USW00023174","LOS ANGELES INTERNATIONAL AIRPORT, CA US","2023-11-12","84"
"USW00023174","LOS ANGELES INTERNATIONAL AIRPORT, CA US","2023-11-13","74"
"USW00023174","LOS ANGELES INTERNATIONAL AIRPORT, CA US","2023-11-14","77"
"USW00023174","LOS ANGELES INTERNATIONAL AIRPORT, CA US","2023-11-15","69"
"USW00023174","LOS ANGELES INTERNATIONAL AIRPORT, CA US","2023-11-16","73"
"USW00023174","LOS ANGELES INTERNATIONAL AIRPORT, CA US","2023-11-17","72"
"USW00023174","LOS ANGELES INTERNATIONAL AIRPORT, CA US","2023-11-18","70"
"USW00023174","LOS ANGELES INTERNATIONAL AIRPORT, CA US","2023-11-19","72"
"USW00023174","LOS ANGELES INTERNATIONAL AIRPORT, CA US","2023-11-20","73"
"USW00023174","LOS ANGELES INTERNATIONAL AIRPORT, CA US","2023-11-21","82"
"USW00023174","LOS ANGELES INTERNATIONAL AIRPORT, CA US","2023-11-22","83"
"USW00023174","LOS ANGELES INTERNATIONAL AIRPORT, CA US","2023-11-23","70"
"USW00023174","LOS ANGELES INTERNATIONAL AIRPORT, CA US","2023-11-24","71"
"USW00023174","LOS ANGELES INTERNATIONAL AIRPORT, CA US","2023-11-25","69"
"USW00023174","LOS ANGELES INTERNATIONAL AIRPORT, CA US","2023-11-26","72"
"USW00023174","LOS ANGELES INTERNATIONAL AIRPORT, CA US","2023-11-27","73"
"USW00023174","LOS ANGELES INTERNATIONAL AIRPORT, CA US","2023-11-28","71"
"USW00023174","LOS ANGELES INTERNATIONAL AIRPORT, CA US","2023-11-29","65"
"USW00023174","LOS ANGELES INTERNATIONAL AIRPORT, CA US","2023-11-30","65"
"USW00023174","LOS ANGELES INTERNATIONAL AIRPORT, CA US","2023-12-01","68"
"USW00023174","LOS ANGELES INTERNATIONAL AIRPORT, CA US","2023-12-02","71"
"USW00023174","LOS ANGELES INTERNATIONAL AIRPORT, CA US","2023-12-03","66"
"USW00023174","LOS ANGELES INTERNATIONAL AIRPORT, CA US","2023-12-04","72"
"USW00023174","LOS ANGELES INTERNATIONAL AIRPORT, CA US","2023-12-05","83"
"USW00023174","LOS ANGELES INTERNATIONAL AIRPORT, CA US","2023-12-06","70"
"USW00023174","LOS ANGELES INTERNATIONAL AIRPORT, CA US","2023-12-07","66"
"USW00023174","LOS ANGELES INTERNATIONAL AIRPORT, CA US","2023-12-08","69"
"USW00023174","LOS ANGELES INTERNATIONAL AIRPORT, CA US","2023-12-09","73"
"USW00023174","LOS ANGELES INTERNATIONAL AIRPORT, CA US","2023-12-10","77"
"USW00023174","LOS ANGELES INTERNATIONAL AIRPORT, CA US","2023-12-11","73"
"USW00023174","LOS ANGELES INTERNATIONAL AIRPORT, CA US","2023-12-12","66"
"USW00023174","LOS ANGELES INTERNATIONAL AIRPORT, CA US","2023-12-13","65"
"USW00023174","LOS ANGELES INTERNATIONAL AIRPORT, CA US","2023-12-14","75"
"USW00023174","LOS ANGELES INTERNATIONAL AIRPORT, CA US","2023-12-15","80"
"USW00023174","LOS ANGELES INTERNATIONAL AIRPORT, CA US","2023-12-16","79"
"USW00023174","LOS ANGELES INTERNATIONAL AIRPORT, CA US","2023-12-17","75"
"USW00023174","LOS ANGELES INTERNATIONAL AIRPORT, CA US","2023-12-18","72"
"USW00023174","LOS ANGELES INTERNATIONAL AIRPORT, CA US","2023-12-19","67"
"USW00023174","LOS ANGELES INTERNATIONAL AIRPORT, CA US","2023-12-20","64"
"USW00023174","LOS ANGELES INTERNATIONAL AIRPORT, CA US","2023-12-21","64"
"USW00023174","LOS ANGELES INTERNATIONAL AIRPORT, CA US","2023-12-22","69"
"USW00023174","LOS ANGELES INTERNATIONAL AIRPORT, CA US","2023-12-23","66"
"USW00023174","LOS ANGELES INTERNATIONAL AIRPORT, CA US","2023-12-24","64"
"USW00023174","LOS ANGELES INTERNATIONAL AIRPORT, CA US","2023-12-25","65"
"USW00023174","LOS ANGELES INTERNATIONAL AIRPORT, CA US","2023-12-26","65"
"USW00023174","LOS ANGELES INTERNATIONAL AIRPORT, CA US","2023-12-27","62"
"USW00023174","LOS ANGELES INTERNATIONAL AIRPORT, CA US","2023-12-28","64"
"USW00023174","LOS ANGELES INTERNATIONAL AIRPORT, CA US","2023-12-29","65"
"USW00023174","LOS ANGELES INTERNATIONAL AIRPORT, CA US","2023-12-30","62"
"USW00023174","LOS ANGELES INTERNATIONAL AIRPORT, CA US","2023-12-31","60"
"USW00023174","LOS ANGELES INTERNATIONAL AIRPORT, CA US","2024-01-01","67"
"USW00023174","LOS ANGELES INTERNATIONAL AIRPORT, CA US","2024-01-02","65"
"USW00023174","LOS ANGELES INTERNATIONAL AIRPORT, CA US","2024-01-03","61"
"USW00023174","LOS ANGELES INTERNATIONAL AIRPORT, CA US","2024-01-04","65"
"USW00023174","LOS ANGELES INTERNATIONAL AIRPORT, CA US","2024-01-05","65"
"USW00023174","LOS ANGELES INTERNATIONAL AIRPORT, CA US","2024-01-06","62"
"USW00023174","LOS ANGELES INTERNATIONAL AIRPORT, CA US","2024-01-07","59"
"USW00023174","LOS ANGELES INTERNATIONAL AIRPORT, CA US","2024-01-08","59"
"USW00023174","LOS ANGELES INTERNATIONAL AIRPORT, CA US","2024-01-09","62"
"USW00023174","LOS ANGELES INTERNATIONAL AIRPORT, CA US","2024-01-10","61"
"USW00023174","LOS ANGELES INTERNATIONAL AIRPORT, CA US","2024-01-11","64"
"USW00023174","LOS ANGELES INTERNATIONAL AIRPORT, CA US","2024-01-12","60"
"USW00023174","LOS ANGELES INTERNATIONAL AIRPORT, CA US","2024-01-13","60"
"USW00023174","LOS ANGELES INTERNATIONAL AIRPORT, CA US","2024-01-14","60"
"USW00023174","LOS ANGELES INTERNATIONAL AIRPORT, CA US","2024-01-15","61"
"USW00023174","LOS ANGELES INTERNATIONAL AIRPORT, CA US","2024-01-16","62"
"USW00023174","LOS ANGELES INTERNATIONAL AIRPORT, CA US","2024-01-17","59"
"USW00023174","LOS ANGELES INTERNATIONAL AIRPORT, CA US","2024-01-18","66"
"USW00023174","LOS ANGELES INTERNATIONAL AIRPORT, CA US","2024-01-19","67"
"USW00023174","LOS ANGELES INTERNATIONAL AIRPORT, CA US","2024-01-20","59"
"USW00023174","LOS ANGELES INTERNATIONAL AIRPORT, CA US","2024-01-21","64"
"USW00023174","LOS ANGELES INTERNATIONAL AIRPORT, CA US","2024-01-22","59"
"USW00023174","LOS ANGELES INTERNATIONAL AIRPORT, CA US","2024-01-23","64"
"USW00023174","LOS ANGELES INTERNATIONAL AIRPORT, CA US","2024-01-24","62"
"USW00023174","LOS ANGELES INTERNATIONAL AIRPORT, CA US","2024-01-25","61"
"USW00023174","LOS ANGELES INTERNATIONAL AIRPORT, CA US","2024-01-26","70"
"USW00023174","LOS ANGELES INTERNATIONAL AIRPORT, CA US","2024-01-27","76"
"USW00023174","LOS ANGELES INTERNATIONAL AIRPORT, CA US","2024-01-28","78"
"USW00023174","LOS ANGELES INTERNATIONAL AIRPORT, CA US","2024-01-29","78"
"USW00023174","LOS ANGELES INTERNATIONAL AIRPORT, CA US","2024-01-30","72"
"USW00023174","LOS ANGELES INTERNATIONAL AIRPORT, CA US","2024-01-31","64"
"USW00023174","LOS ANGELES INTERNATIONAL AIRPORT, CA US","2024-02-01","59"
"USW00023174","LOS ANGELES INTERNATIONAL AIRPORT, CA US","2024-02-02","60"
"USW00023174","LOS ANGELES INTERNATIONAL AIRPORT, CA US","2024-02-03","58"
"USW00023174","LOS ANGELES INTERNATIONAL AIRPORT, CA US","2024-02-04","58"
"USW00023174","LOS ANGELES INTERNATIONAL AIRPORT, CA US","2024-02-05","57"
"USW00023174","LOS ANGELES INTERNATIONAL AIRPORT, CA US","2024-02-06","54"
"USW00023174","LOS ANGELES INTERNATIONAL AIRPORT, CA US","2024-02-07","59"
"USW00023174","LOS ANGELES INTERNATIONAL AIRPORT, CA US","2024-02-08","58"
"USW00023174","LOS ANGELES INTERNATIONAL AIRPORT, CA US","2024-02-09","60"
"USW00023174","LOS ANGELES INTERNATIONAL AIRPORT, CA US","2024-02-10","67"
"USW00023174","LOS ANGELES INTERNATIONAL AIRPORT, CA US","2024-02-11","63"
"USW00023174","LOS ANGELES INTERNATIONAL AIRPORT, CA US","2024-02-12","65"
"USW00023174","LOS ANGELES INTERNATIONAL AIRPORT, CA US","2024-02-13","64"
"USW00023174","LOS ANGELES INTERNATIONAL AIRPORT, CA US","2024-02-14","61"
"USW00023174","LOS ANGELES INTERNATIONAL AIRPORT, CA US","2024-02-15","62"
"USW00023174","LOS ANGELES INTERNATIONAL AIRPORT, CA US","2024-02-16","63"
"USW00023174","LOS ANGELES INTERNATIONAL AIRPORT, CA US","2024-02-17","61"
"USW00023174","LOS ANGELES INTERNATIONAL AIRPORT, CA US","2024-02-18","63"
"USW00023174","LOS ANGELES INTERNATIONAL AIRPORT, CA US","2024-02-19","58"
"USW00023174","LOS ANGELES INTERNATIONAL AIRPORT, CA US","2024-02-20","59"
"USW00023174","LOS ANGELES INTERNATIONAL AIRPORT, CA US","2024-02-21","62"
"USW00023174","LOS ANGELES INTERNATIONAL AIRPORT, CA US","2024-02-22","63"
"USW00023174","LOS ANGELES INTERNATIONAL AIRPORT, CA US","2024-02-23","76"
"USW00023174","LOS ANGELES INTERNATIONAL AIRPORT, CA US","2024-02-24","76"
"USW00023174","LOS ANGELES INTERNATIONAL AIRPORT, CA US","2024-02-25","64"
"USW00023174","LOS ANGELES INTERNATIONAL AIRPORT, CA US","2024-02-26","63"
"USW00023174","LOS ANGELES INTERNATIONAL AIRPORT, CA US","2024-02-27","62"
"USW00023174","LOS ANGELES INTERNATIONAL AIRPORT, CA US","2024-02-28","64"
"USW00023174","LOS ANGELES INTERNATIONAL AIRPORT, CA US","2024-02-29","61"
"USW00023174","LOS ANGELES INTERNATIONAL AIRPORT, CA US","2024-03-01","62"
"USW00023174","LOS ANGELES INTERNATIONAL AIRPORT, CA US","2024-03-02","60"
"USW00023174","LOS ANGELES INTERNATIONAL AIRPORT, CA US","2024-03-03","61"
"USW00023174","LOS ANGELES INTERNATIONAL AIRPORT, CA US","2024-03-04","63"
"USW00023174","LOS ANGELES INTERNATIONAL AIRPORT, CA US","2024-03-05","62"
"USW00023174","LOS ANGELES INTERNATIONAL AIRPORT, CA US","2024-03-06","61"
"USW00023174","LOS ANGELES INTERNATIONAL AIRPORT, CA US","2024-03-07","62"
"USW00023174","LOS ANGELES INTERNATIONAL AIRPORT, CA US","2024-03-08","69"
"USW00023174","LOS ANGELES INTERNATIONAL AIRPORT, CA US","2024-03-09","66"
"USW00023174","LOS ANGELES INTERNATIONAL AIRPORT, CA US","2024-03-10","64"
"USW00023174","LOS ANGELES INTERNATIONAL AIRPORT, CA US","2024-03-11","62"
"USW00023174","LOS ANGELES INTERNATIONAL AIRPORT, CA US","2024-03-12","62"
"USW00023174","LOS ANGELES INTERNATIONAL AIRPORT, CA US","2024-03-13","66"
"USW00023174","LOS ANGELES INTERNATIONAL AIRPORT, CA US","2024-03-14","70"
"USW00023174","LOS ANGELES INTERNATIONAL AIRPORT, CA US","2024-03-15","69"
"USW00023174","LOS ANGELES INTERNATIONAL AIRPORT, CA US","2024-03-16","66"
"USW00023174","LOS ANGELES INTERNATIONAL AIRPORT, CA US","2024-03-17","66"
"USW00023174","LOS ANGELES INTERNATIONAL AIRPORT, CA US","2024-03-18","69"
"USW00023174","LOS ANGELES INTERNATIONAL AIRPORT, CA US","2024-03-19","68"
"USW00023174","LOS ANGELES INTERNATIONAL AIRPORT, CA US","2024-03-20","65"
"USW00023174","LOS ANGELES INTERNATIONAL AIRPORT, CA US","2024-03-21","65"
"USW00023174","LOS ANGELES INTERNATIONAL AIRPORT, CA US","2024-03-22","65"
"USW00023174","LOS ANGELES INTERNATIONAL AIRPORT, CA US","2024-03-23","62"
"USW00023174","LOS ANGELES INTERNATIONAL AIRPORT, CA US","2024-03-24","62"
"USW00023174","LOS ANGELES INTERNATIONAL AIRPORT, CA US","2024-03-25","64"
"USW00023174","LOS ANGELES INTERNATIONAL AIRPORT, CA US","2024-03-26","63"
"USW00023174","LOS ANGELES INTERNATIONAL AIRPORT, CA US","2024-03-27","64"
"USW00023174","LOS ANGELES INTERNATIONAL AIRPORT, CA US","2024-03-28","62"
"USW00023174","LOS ANGELES INTERNATIONAL AIRPORT, CA US","2024-03-29","62"
"USW00023174","LOS ANGELES INTERNATIONAL AIRPORT, CA US","2024-03-30","56"
"USW00023174","LOS ANGELES INTERNATIONAL AIRPORT, CA US","2024-03-31","62"
"USW00023174","LOS ANGELES INTERNATIONAL AIRPORT, CA US","2024-04-01","63"
"USW00023174","LOS ANGELES INTERNATIONAL AIRPORT, CA US","2024-04-02","68"
"USW00023174","LOS ANGELES INTERNATIONAL AIRPORT, CA US","2024-04-03","67"
"USW00023174","LOS ANGELES INTERNATIONAL AIRPORT, CA US","2024-04-04","61"
"USW00023174","LOS ANGELES INTERNATIONAL AIRPORT, CA US","2024-04-05","58"
"USW00023174","LOS ANGELES INTERNATIONAL AIRPORT, CA US","2024-04-06","62"
"USW00023174","LOS ANGELES INTERNATIONAL AIRPORT, CA US","2024-04-07","62"
"USW00023174","LOS ANGELES INTERNATIONAL AIRPORT, CA US","2024-04-08","68"
"USW00023174","LOS ANGELES INTERNATIONAL AIRPORT, CA US","2024-04-09","78"
"USW00023174","LOS ANGELES INTERNATIONAL AIRPORT, CA US","2024-04-10","74"
"USW00023174","LOS ANGELES INTERNATIONAL AIRPORT, CA US","2024-04-11","64"
"USW00023174","LOS ANGELES INTERNATIONAL AIRPORT, CA US","2024-04-12","61"
"USW00023174","LOS ANGELES INTERNATIONAL AIRPORT, CA US","2024-04-13","63"
"USW00023174","LOS ANGELES INTERNATIONAL AIRPORT, CA US","2024-04-14","61"
"USW00023174","LOS ANGELES INTERNATIONAL AIRPORT, CA US","2024-04-15","62"
"USW00023174","LOS ANGELES INTERNATIONAL AIRPORT, CA US","2024-04-16","72"
"USW00023174","LOS ANGELES INTERNATIONAL AIRPORT, CA US","2024-04-17","65"
"USW00023174","LOS ANGELES INTERNATIONAL AIRPORT, CA US","2024-04-18","69"
"USW00023174","LOS ANGELES INTERNATIONAL AIRPORT, CA US","2024-04-19","65"
"USW00023174","LOS ANGELES INTERNATIONAL AIRPORT, CA US","2024-04-20","65"
"USW00023174","LOS ANGELES INTERNATIONAL AIRPORT, CA US","2024-04-21","63"
"USW00023174","LOS ANGELES INTERNATIONAL AIRPORT, CA US","2024-04-22","61"
"USW00023174","LOS ANGELES INTERNATIONAL AIRPORT, CA US","2024-04-23","65"
"USW00023174","LOS ANGELES INTERNATIONAL AIRPORT, CA US","2024-04-24","64"
"USW00023174","LOS ANGELES INTERNATIONAL AIRPORT, CA US","2024-04-25","65"
"USW00023174","LOS ANGELES INTERNATIONAL AIRPORT, CA US","2024-04-26","66"
"USW00023174","LOS ANGELES INTERNATIONAL AIRPORT, CA US","2024-04-27","67"
"USW00023174","LOS ANGELES INTERNATIONAL AIRPORT, CA US","2024-04-28","68"
"USW00023174","LOS ANGELES INTERNATIONAL AIRPORT, CA US","2024-04-29","67"
"USW00023174","LOS ANGELES INTERNATIONAL AIRPORT, CA US","2024-04-30","69"
"USW00023174","LOS ANGELES INTERNATIONAL AIRPORT, CA US","2024-05-01","68"
"USW00023174","LOS ANGELES INTERNATIONAL AIRPORT, CA US","2024-05-02","69"
"USW00023174","LOS ANGELES INTERNATIONAL AIRPORT, CA US","2024-05-03","68"
"USW00023174","LOS ANGELES INTERNATIONAL AIRPORT, CA US","2024-05-04","65"
"USW00023174","LOS ANGELES INTERNATIONAL AIRPORT, CA US","2024-05-05","66"
"USW00023174","LOS ANGELES INTERNATIONAL AIRPORT, CA US","2024-05-06","66"
"USW00023174","LOS ANGELES INTERNATIONAL AIRPORT, CA US","2024-05-07","68"
"USW00023174","LOS ANGELES INTERNATIONAL AIRPORT, CA US","2024-05-08","67"
"USW00023174","LOS ANGELES INTERNATIONAL AIRPORT, CA US","2024-05-09","70"
"USW00023174","LOS ANGELES INTERNATIONAL AIRPORT, CA US","2024-05-10","63"
"USW00023174","LOS ANGELES INTERNATIONAL AIRPORT, CA US","2024-05-11","63"
"USW00023174","LOS ANGELES INTERNATIONAL AIRPORT, CA US","2024-05-12","67"
"USW00023174","LOS ANGELES INTERNATIONAL AIRPORT, CA US","2024-05-13","65"
"USW00023174","LOS ANGELES INTERNATIONAL AIRPORT, CA US","2024-05-14","66"
"USW00023174","LOS ANGELES INTERNATIONAL AIRPORT, CA US","2024-05-15","65"
"USW00023174","LOS ANGELES INTERNATIONAL AIRPORT, CA US","2024-05-16","67"
"USW00023174","LOS ANGELES INTERNATIONAL AIRPORT, CA US","2024-05-17","66"
"USW00023174","LOS ANGELES INTERNATIONAL AIRPORT, CA US","2024-05-18","66"
"USW00023174","LOS ANGELES INTERNATIONAL AIRPORT, CA US","2024-05-19","67"
"USW00023174","LOS ANGELES INTERNATIONAL AIRPORT, CA US","2024-05-20","65"
"USW00023174","LOS ANGELES INTERNATIONAL AIRPORT, CA US","2024-05-21","66"
"USW00023174","LOS ANGELES INTERNATIONAL AIRPORT, CA US","2024-05-22","67"
"USW00023174","LOS ANGELES INTERNATIONAL AIRPORT, CA US","2024-05-23","65"
"USW00023174","LOS ANGELES INTERNATIONAL AIRPORT, CA US","2024-05-24","66"
"USW00023174","LOS ANGELES INTERNATIONAL AIRPORT, CA US","2024-05-25","66"
"USW00023174","LOS ANGELES INTERNATIONAL AIRPORT, CA US","2024-05-26","67"
"USW00023174","LOS ANGELES INTERNATIONAL AIRPORT, CA US","2024-05-27","67"
"USW00023174","LOS ANGELES INTERNATIONAL AIRPORT, CA US","2024-05-28","65"
"USW00023174","LOS ANGELES INTERNATIONAL AIRPORT, CA US","2024-05-29","67"
"USW00023174","LOS ANGELES INTERNATIONAL AIRPORT, CA US","2024-05-30","68"
"USW00023174","LOS ANGELES INTERNATIONAL AIRPORT, CA US","2024-05-31","67"
"USW00023174","LOS ANGELES INTERNATIONAL AIRPORT, CA US","2024-06-01","67"
"USW00023174","LOS ANGELES INTERNATIONAL AIRPORT, CA US","2024-06-02","68"
"USW00023174","LOS ANGELES INTERNATIONAL AIRPORT, CA US","2024-06-03","68"
"USW00023174","LOS ANGELES INTERNATIONAL AIRPORT, CA US","2024-06-04","70"
"USW00023174","LOS ANGELES INTERNATIONAL AIRPORT, CA US","2024-06-05","70"
"USW00023174","LOS ANGELES INTERNATIONAL AIRPORT, CA US","2024-06-06","67"
"USW00023174","LOS ANGELES INTERNATIONAL AIRPORT, CA US","2024-06-07","69"
"USW00023174","LOS ANGELES INTERNATIONAL AIRPORT, CA US","2024-06-08","69"
"USW00023174","LOS ANGELES INTERNATIONAL AIRPORT, CA US","2024-06-09","70"
"USW00023174","LOS ANGELES INTERNATIONAL AIRPORT, CA US","2024-06-10","70"
"USW00023174","LOS ANGELES INTERNATIONAL AIRPORT, CA US","2024-06-11","65"
"USW00023174","LOS ANGELES INTERNATIONAL AIRPORT, CA US","2024-06-12","70"
"USW00023174","LOS ANGELES INTERNATIONAL AIRPORT, CA US","2024-06-13","69"
"USW00023174","LOS ANGELES INTERNATIONAL AIRPORT, CA US","2024-06-14","72"
"USW00023174","LOS ANGELES INTERNATIONAL AIRPORT, CA US","2024-06-15","73"
"USW00023174","LOS ANGELES INTERNATIONAL AIRPORT, CA US","2024-06-16","72"
"USW00023174","LOS ANGELES INTERNATIONAL AIRPORT, CA US","2024-06-17","72"
"USW00023174","LOS ANGELES INTERNATIONAL AIRPORT, CA US","2024-06-18","73"
"USW00023174","LOS ANGELES INTERNATIONAL AIRPORT, CA US","2024-06-19","73"
"USW00023174","LOS ANGELES INTERNATIONAL AIRPORT, CA US","2024-06-20","71"
"USW00023174","LOS ANGELES INTERNATIONAL AIRPORT, CA US","2024-06-21","72"
"USW00023174","LOS ANGELES INTERNATIONAL AIRPORT, CA US","2024-06-22","73"
"USW00023174","LOS ANGELES INTERNATIONAL AIRPORT, CA US","2024-06-23","79"
"USW00023174","LOS ANGELES INTERNATIONAL AIRPORT, CA US","2024-06-24","81"
"USW00023174","LOS ANGELES INTERNATIONAL AIRPORT, CA US","2024-06-25","76"
"USW00023174","LOS ANGELES INTERNATIONAL AIRPORT, CA US","2024-06-26","72"
"USW00023174","LOS ANGELES INTERNATIONAL AIRPORT, CA US","2024-06-27","76"
"USW00023174","LOS ANGELES INTERNATIONAL AIRPORT, CA US","2024-06-28","74"
"USW00023174","LOS ANGELES INTERNATIONAL AIRPORT, CA US","2024-06-29","72"
"USW00023174","LOS ANGELES INTERNATIONAL AIRPORT, CA US","2024-06-30","70"
"USW00023174","LOS ANGELES INTERNATIONAL AIRPORT, CA US","2024-07-01","74"
"USW00023174","LOS ANGELES INTERNATIONAL AIRPORT, CA US","2024-07-02","74"
"USW00023174","LOS ANGELES INTERNATIONAL AIRPORT, CA US","2024-07-03","70"
"USW00023174","LOS ANGELES INTERNATIONAL AIRPORT, CA US","2024-07-04","71"
"USW00023174","LOS ANGELES INTERNATIONAL AIRPORT, CA US","2024-07-05","73"
"USW00023174","LOS ANGELES INTERNATIONAL AIRPORT, CA US","2024-07-06","80"
"USW00023174","LOS ANGELES INTERNATIONAL AIRPORT, CA US","2024-07-07","75"
"USW00023174","LOS ANGELES INTERNATIONAL AIRPORT, CA US","2024-07-08","72"
"USW00023174","LOS ANGELES INTERNATIONAL AIRPORT, CA US","2024-07-09","74"
"USW00023174","LOS ANGELES INTERNATIONAL AIRPORT, CA US","2024-07-10","75"
"USW00023174","LOS ANGELES INTERNATIONAL AIRPORT, CA US","2024-07-11","76"
"USW00023174","LOS ANGELES INTERNATIONAL AIRPORT, CA US","2024-07-12","71"
"USW00023174","LOS ANGELES INTERNATIONAL AIRPORT, CA US","2024-07-13","74"
"USW00023174","LOS ANGELES INTERNATIONAL AIRPORT, CA US","2024-07-14","75"
"USW00023174","LOS ANGELES INTERNATIONAL AIRPORT, CA US","2024-07-15","73"
"USW00023174","LOS ANGELES INTERNATIONAL AIRPORT, CA US","2024-07-16","76"
"USW00023174","LOS ANGELES INTERNATIONAL AIRPORT, CA US","2024-07-17","76"
"USW00023174","LOS ANGELES INTERNATIONAL AIRPORT, CA US","2024-07-18","74"
"USW00023174","LOS ANGELES INTERNATIONAL AIRPORT, CA US","2024-07-19","75"
"USW00023174","LOS ANGELES INTERNATIONAL AIRPORT, CA US","2024-07-20","72"
"USW00023174","LOS ANGELES INTERNATIONAL AIRPORT, CA US","2024-07-21","77"
"USW00023174","LOS ANGELES INTERNATIONAL AIRPORT, CA US","2024-07-22","76"
"USW00023174","LOS ANGELES INTERNATIONAL AIRPORT, CA US","2024-07-23","75"
"USW00023174","LOS ANGELES INTERNATIONAL AIRPORT, CA US","2024-07-24","75"
"USW00023174","LOS ANGELES INTERNATIONAL AIRPORT, CA US","2024-07-25","76"
"USW00023174","LOS ANGELES INTERNATIONAL AIRPORT, CA US","2024-07-26","72"
"USW00023174","LOS ANGELES INTERNATIONAL AIRPORT, CA US","2024-07-27","73"
"USW00023174","LOS ANGELES INTERNATIONAL AIRPORT, CA US","2024-07-28","74"
"USW00023174","LOS ANGELES INTERNATIONAL AIRPORT, CA US","2024-07-29","72"
"USW00023174","LOS ANGELES INTERNATIONAL AIRPORT, CA US","2024-07-30","71"
"USW00023174","LOS ANGELES INTERNATIONAL AIRPORT, CA US","2024-07-31","71"
"USW00023174","LOS ANGELES INTERNATIONAL AIRPORT, CA US","2024-08-01","71"
"USW00023174","LOS ANGELES INTERNATIONAL AIRPORT, CA US","2024-08-02","76"
"USW00023174","LOS ANGELES INTERNATIONAL AIRPORT, CA US","2024-08-03","75"
"USW00023174","LOS ANGELES INTERNATIONAL AIRPORT, CA US","2024-08-04","73"
"USW00023174","LOS ANGELES INTERNATIONAL AIRPORT, CA US","2024-08-05","77"
"USW00023174","LOS ANGELES INTERNATIONAL AIRPORT, CA US","2024-08-06","80"
"USW00023174","LOS ANGELES INTERNATIONAL AIRPORT, CA US","2024-08-07","82"
"USW00023174","LOS ANGELES INTERNATIONAL AIRPORT, CA US","2024-08-08","77"
"USW00023174","LOS ANGELES INTERNATIONAL AIRPORT, CA US","2024-08-09","75"
"USW00023174","LOS ANGELES INTERNATIONAL AIRPORT, CA US","2024-08-10","80"
"USW00023174","LOS ANGELES INTERNATIONAL AIRPORT, CA US","2024-08-11","78"
"USW00023174","LOS ANGELES INTERNATIONAL AIRPORT, CA US","2024-08-12","76"
"USW00023174","LOS ANGELES INTERNATIONAL AIRPORT, CA US","2024-08-13","78"
"USW00023174","LOS ANGELES INTERNATIONAL AIRPORT, CA US","2024-08-14","77"
"USW00023174","LOS ANGELES INTERNATIONAL AIRPORT, CA US","2024-08-15","78"
"USW00023174","LOS ANGELES INTERNATIONAL AIRPORT, CA US","2024-08-16","82"
"USW00023174","LOS ANGELES INTERNATIONAL AIRPORT, CA US","2024-08-17","77"
"USW00023174","LOS ANGELES INTERNATIONAL AIRPORT, CA US","2024-08-18","76"
"USW00023174","LOS ANGELES INTERNATIONAL AIRPORT, CA US","2024-08-19","79"
"USW00023174","LOS ANGELES INTERNATIONAL AIRPORT, CA US","2024-08-20","82"
"USW00023174","LOS ANGELES INTERNATIONAL AIRPORT, CA US","2024-08-21","84"
"USW00023174","LOS ANGELES INTERNATIONAL AIRPORT, CA US","2024-08-22","77"
"USW00023174","LOS ANGELES INTERNATIONAL AIRPORT, CA US","2024-08-23","77"
"USW00023174","LOS ANGELES INTERNATIONAL AIRPORT, CA US","2024-08-24","76"
"USW00023174","LOS ANGELES INTERNATIONAL AIRPORT, CA US","2024-08-25","78"
"USW00023174","LOS ANGELES INTERNATIONAL AIRPORT, CA US","2024-08-26","79"
"USW00023174","LOS ANGELES INTERNATIONAL AIRPORT, CA US","2024-08-27","73"
"USW00023174","LOS ANGELES INTERNATIONAL AIRPORT, CA US","2024-08-28","73"
"USW00023174","LOS ANGELES INTERNATIONAL AIRPORT, CA US","2024-08-29","74"
"USW00023174","LOS ANGELES INTERNATIONAL AIRPORT, CA US","2024-08-30","72"
"USW00023174","LOS ANGELES INTERNATIONAL AIRPORT, CA US","2024-08-31","75"
"USW00023174","LOS ANGELES INTERNATIONAL AIRPORT, CA US","2024-09-01","77"
"USW00023174","LOS ANGELES INTERNATIONAL AIRPORT, CA US","2024-09-02","77"
"USW00023174","LOS ANGELES INTERNATIONAL AIRPORT, CA US","2024-09-03","77"
"USW00023174","LOS ANGELES INTERNATIONAL AIRPORT, CA US","2024-09-04","80"
"USW00023174","LOS ANGELES INTERNATIONAL AIRPORT, CA US","2024-09-05","87"
"USW00023174","LOS ANGELES INTERNATIONAL AIRPORT, CA US","2024-09-06","102"
"USW00023174","LOS ANGELES INTERNATIONAL AIRPORT, CA US","2024-09-07","89"
"USW00023174","LOS ANGELES INTERNATIONAL AIRPORT, CA US","2024-09-08","92"
"USW00023174","LOS ANGELES INTERNATIONAL AIRPORT, CA US","2024-09-09","87"
"USW00023174","LOS ANGELES INTERNATIONAL AIRPORT, CA US","2024-09-10","75"
"USW00023174","LOS ANGELES INTERNATIONAL AIRPORT, CA US","2024-09-11","75"
"USW00023174","LOS ANGELES INTERNATIONAL AIRPORT, CA US","2024-09-12","75"
"USW00023174","LOS ANGELES INTERNATIONAL AIRPORT, CA US","2024-09-13","76"
"USW00023174","LOS ANGELES INTERNATIONAL AIRPORT, CA US","2024-09-14","77"
"USW00023174","LOS ANGELES INTERNATIONAL AIRPORT, CA US","2024-09-15","73"
"USW00023174","LOS ANGELES INTERNATIONAL AIRPORT, CA US","2024-09-16","71"
"USW00023174","LOS ANGELES INTERNATIONAL AIRPORT, CA US","2024-09-17","72"
"USW00023174","LOS ANGELES INTERNATIONAL AIRPORT, CA US","2024-09-18","72"
"USW00023174","LOS ANGELES INTERNATIONAL AIRPORT, CA US","2024-09-19","71"
"USW00023174","LOS ANGELES INTERNATIONAL AIRPORT, CA US","2024-09-20","70"
"USW00023174","LOS ANGELES INTERNATIONAL AIRPORT, CA US","2024-09-21","73"
"USW00023174","LOS ANGELES INTERNATIONAL AIRPORT, CA US","2024-09-22","70"
"USW00023174","LOS ANGELES INTERNATIONAL AIRPORT, CA US","2024-09-23","68"
"USW00023174","LOS ANGELES INTERNATIONAL AIRPORT, CA US","2024-09-24","69"
"USW00023174","LOS ANGELES INTERNATIONAL AIRPORT, CA US","2024-09-25","67"
"USW00023174","LOS ANGELES INTERNATIONAL AIRPORT, CA US","2024-09-26","70"
"USW00023174","LOS ANGELES INTERNATIONAL AIRPORT, CA US","2024-09-27","67"
"USW00023174","LOS ANGELES INTERNATIONAL AIRPORT, CA US","2024-09-28","67"
"USW00023174","LOS ANGELES INTERNATIONAL AIRPORT, CA US","2024-09-29","69"
"USW00023174","LOS ANGELES INTERNATIONAL AIRPORT, CA US","2024-09-30","72"
"USW00023174","LOS ANGELES INTERNATIONAL AIRPORT, CA US","2024-10-01","71"
"USW00023174","LOS ANGELES INTERNATIONAL AIRPORT, CA US","2024-10-02","71"
"USW00023174","LOS ANGELES INTERNATIONAL AIRPORT, CA US","2024-10-03","78"
"USW00023174","LOS ANGELES INTERNATIONAL AIRPORT, CA US","2024-10-04","82"
"USW00023174","LOS ANGELES INTERNATIONAL AIRPORT, CA US","2024-10-05","70"
"USW00023174","LOS ANGELES INTERNATIONAL AIRPORT, CA US","2024-10-06","70"
"USW00023174","LOS ANGELES INTERNATIONAL AIRPORT, CA US","2024-10-07","69"
"USW00023174","LOS ANGELES INTERNATIONAL AIRPORT, CA US","2024-10-08","69"
"USW00023174","LOS ANGELES INTERNATIONAL AIRPORT, CA US","2024-10-09","69"
"USW00023174","LOS ANGELES INTERNATIONAL AIRPORT, CA US","2024-10-10","71"
"USW00023174","LOS ANGELES INTERNATIONAL AIRPORT, CA US","2024-10-11","69"
"USW00023174","LOS ANGELES INTERNATIONAL AIRPORT, CA US","2024-10-12","70"
"USW00023174","LOS ANGELES INTERNATIONAL AIRPORT, CA US","2024-10-13","72"
"USW00023174","LOS ANGELES INTERNATIONAL AIRPORT, CA US","2024-10-14","72"
"USW00023174","LOS ANGELES INTERNATIONAL AIRPORT, CA US","2024-10-15","71"
"USW00023174","LOS ANGELES INTERNATIONAL AIRPORT, CA US","2024-10-16","67"
"USW00023174","LOS ANGELES INTERNATIONAL AIRPORT, CA US","2024-10-17","70"
"USW00023174","LOS ANGELES INTERNATIONAL AIRPORT, CA US","2024-10-18","84"
"USW00023174","LOS ANGELES INTERNATIONAL AIRPORT, CA US","2024-10-19","79"
"USW00023174","LOS ANGELES INTERNATIONAL AIRPORT, CA US","2024-10-20","80"
"USW00023174","LOS ANGELES INTERNATIONAL AIRPORT, CA US","2024-10-21","75"
"USW00023174","LOS ANGELES INTERNATIONAL AIRPORT, CA US","2024-10-22","77"
"USW00023174","LOS ANGELES INTERNATIONAL AIRPORT, CA US","2024-10-23","77"
"USW00023174","LOS ANGELES INTERNATIONAL AIRPORT, CA US","2024-10-24","72"
"USW00023174","LOS ANGELES INTERNATIONAL AIRPORT, CA US","2024-10-25","67"
"USW00023174","LOS ANGELES INTERNATIONAL AIRPORT, CA US","2024-10-26","71"
"USW00023174","LOS ANGELES INTERNATIONAL AIRPORT, CA US","2024-10-27","77"
"USW00023174","LOS ANGELES INTERNATIONAL AIRPORT, CA US","2024-10-28","68"
"USW00023174","LOS ANGELES INTERNATIONAL AIRPORT, CA US","2024-10-29","69"
"USW00023174","LOS ANGELES INTERNATIONAL AIRPORT, CA US","2024-10-30","74"
"USW00023174","LOS ANGELES INTERNATIONAL AIRPORT, CA US","2024-10-31","69"
"USW00023174","LOS ANGELES INTERNATIONAL AIRPORT, CA US","2024-11-01","66"
"USW00023174","LOS ANGELES INTERNATIONAL AIRPORT, CA US","2024-11-02","66"
"USW00023174","LOS ANGELES INTERNATIONAL AIRPORT, CA US","2024-11-03","78"
"USW00023174","LOS ANGELES INTERNATIONAL AIRPORT, CA US","2024-11-04","74"
"USW00023174","LOS ANGELES INTERNATIONAL AIRPORT, CA US","2024-11-05","69"
"USW00023174","LOS ANGELES INTERNATIONAL AIRPORT, CA US","2024-11-06","78"
"USW00023174","LOS ANGELES INTERNATIONAL AIRPORT, CA US","2024-11-07","73"
"USW00023174","LOS ANGELES INTERNATIONAL AIRPORT, CA US","2024-11-08","73"
"USW00023174","LOS ANGELES INTERNATIONAL AIRPORT, CA US","2024-11-09","72"
"USW00023174","LOS ANGELES INTERNATIONAL AIRPORT, CA US","2024-11-10","71"
"USW00023174","LOS ANGELES INTERNATIONAL AIRPORT, CA US","2024-11-11","66"
"USW00023174","LOS ANGELES INTERNATIONAL AIRPORT, CA US","2024-11-12","71"
"USW00023174","LOS ANGELES INTERNATIONAL AIRPORT, CA US","2024-11-13","78"
"USW00023174","LOS ANGELES INTERNATIONAL AIRPORT, CA US","2024-11-14","70"
"USW00023174","LOS ANGELES INTERNATIONAL AIRPORT, CA US","2024-11-15","63"
"USW00023174","LOS ANGELES INTERNATIONAL AIRPORT, CA US","2024-11-16","68"
"USW00023174","LOS ANGELES INTERNATIONAL AIRPORT, CA US","2024-11-17","69"
"USW00023174","LOS ANGELES INTERNATIONAL AIRPORT, CA US","2024-11-18","65"
"USW00023174","LOS ANGELES INTERNATIONAL AIRPORT, CA US","2024-11-19","68"
"USW00023174","LOS ANGELES INTERNATIONAL AIRPORT, CA US","2024-11-20","74"
"USW00023174","LOS ANGELES INTERNATIONAL AIRPORT, CA US","2024-11-21","73"
"USW00023174","LOS ANGELES INTERNATIONAL AIRPORT, CA US","2024-11-22","70"
"USW00023174","LOS ANGELES INTERNATIONAL AIRPORT, CA US","2024-11-23","61"
"USW00023174","LOS ANGELES INTERNATIONAL AIRPORT, CA US","2024-11-24","61"
"USW00023174","LOS ANGELES INTERNATIONAL AIRPORT, CA US","2024-11-25","70"
"USW00023174","LOS ANGELES INTERNATIONAL AIRPORT, CA US","2024-11-26","66"
"USW00023174","LOS ANGELES INTERNATIONAL AIRPORT, CA US","2024-11-27","65"
"USW00023174","LOS ANGELES INTERNATIONAL AIRPORT, CA US","2024-11-28","75"
"USW00023174","LOS ANGELES INTERNATIONAL AIRPORT, CA US","2024-11-29","74"
"USW00023174","LOS ANGELES INTERNATIONAL AIRPORT, CA US","2024-11-30","79"
"USW00023174","LOS ANGELES INTERNATIONAL AIRPORT, CA US","2024-12-01","70"
"USW00023174","LOS ANGELES INTERNATIONAL AIRPORT, CA US","2024-12-02","68"
"USW00023174","LOS ANGELES INTERNATIONAL AIRPORT, CA US","2024-12-03","65"
"USW00023174","LOS ANGELES INTERNATIONAL AIRPORT, CA US","2024-12-04","62"
"USW00023174","LOS ANGELES INTERNATIONAL AIRPORT, CA US","2024-12-05","63"
"USW00023174","LOS ANGELES INTERNATIONAL AIRPORT, CA US","2024-12-06","63"
"USW00023174","LOS ANGELES INTERNATIONAL AIRPORT, CA US","2024-12-07","80"
"USW00023174","LOS ANGELES INTERNATIONAL AIRPORT, CA US","2024-12-08","65"
"USW00023174","LOS ANGELES INTERNATIONAL AIRPORT, CA US","2024-12-09","62"
"USW00023174","LOS ANGELES INTERNATIONAL AIRPORT, CA US","2024-12-10","74"
"USW00023174","LOS ANGELES INTERNATIONAL AIRPORT, CA US","2024-12-11","72"
"USW00023174","LOS ANGELES INTERNATIONAL AIRPORT, CA US","2024-12-12","60"
"USW00023174","LOS ANGELES INTERNATIONAL AIRPORT, CA US","2024-12-13","65"
"USW00023174","LOS ANGELES INTERNATIONAL AIRPORT, CA US","2024-12-14","64"
"USW00023174","LOS ANGELES INTERNATIONAL AIRPORT, CA US","2024-12-15","65"
"USW00023174","LOS ANGELES INTERNATIONAL AIRPORT, CA US","2024-12-16","67"
"USW00023174","LOS ANGELES INTERNATIONAL AIRPORT, CA US","2024-12-17","72"
"USW00023174","LOS ANGELES INTERNATIONAL AIRPORT, CA US","2024-12-18","83"
"USW00023174","LOS ANGELES INTERNATIONAL AIRPORT, CA US","2024-12-19","73"
"USW00023174","LOS ANGELES INTERNATIONAL AIRPORT, CA US","2024-12-20","57"
"USW00023174","LOS ANGELES INTERNATIONAL AIRPORT, CA US","2024-12-21","62"
"USW00023174","LOS ANGELES INTERNATIONAL AIRPORT, CA US","2024-12-22","63"
"USW00023174","LOS ANGELES INTERNATIONAL AIRPORT, CA US","2024-12-23","65"
"USW00023174","LOS ANGELES INTERNATIONAL AIRPORT, CA US","2024-12-24","60"
"USW00023174","LOS ANGELES INTERNATIONAL AIRPORT, CA US","2024-12-25","64"
"USW00023174","LOS ANGELES INTERNATIONAL AIRPORT, CA US","2024-12-26","65"
"USW00023174","LOS ANGELES INTERNATIONAL AIRPORT, CA US","2024-12-27","61"
"USW00023174","LOS ANGELES INTERNATIONAL AIRPORT, CA US","2024-12-28","59"
"USW00023174","LOS ANGELES INTERNATIONAL AIRPORT, CA US","2024-12-29","58"
"USW00023174","LOS ANGELES INTERNATIONAL AIRPORT, CA US","2024-12-30","62"
"USW00023174","LOS ANGELES INTERNATIONAL AIRPORT, CA US","2024-12-31","61"
"USW00023174","LOS ANGELES INTERNATIONAL AIRPORT, CA US","2025-01-01","59"
